/*==============================================================*/
/* Generate test data for the table "usuario".                  */
/*==============================================================*/
insert into USUARIO (_IDUSUARIO, _NOMBREUSUARIO, _CARGO, PRIVILEGIOS) values (20, 'TKP3V 5TB6USU0KXYSOJ2P12NLAP2QH8OKVBSWTBEVNE0EKKPT', '9YM6Q810YQVH9QBQNF5 F66KPEKW02VQ676NUMEHVDTJLQBKHS', 'H9SDT471OEY05IRXQK7BYQ92JBDKRSDIAG05KU2FBCOHL5HF9P');

insert into USUARIO (_IDUSUARIO, _NOMBREUSUARIO, _CARGO, PRIVILEGIOS) values (1, '1L9KHJ3HTKJ7DXAXG0DQXTL1JBYTSMS HR9MNOOC1GMPKECRAR', 'WBIQJIYOD0DLKI 8YQBYIWKW7Y9QI6M81DW62Q1D6ECSLCE8NG', 'ETJP3I467BRNOOOBX R4Q3VCY9FRRV8J90VVUJS6EE49A4O4T6');

insert into USUARIO (_IDUSUARIO, _NOMBREUSUARIO, _CARGO, PRIVILEGIOS) values (8, '0NA3QGKJQ4VHFXHQ6PANAV5 PB3SJ4KEK6IMPO291L93U3UFO3', 'GQ8Y67QOKYFCYJLB8R3FQFGQ77H0CIM8A2E858P4MCKTKM3RYG', 'WMDU621QOJACOBAQR51SXFYBLJS994C31GX351IGW1KLL87XIV');

insert into USUARIO (_IDUSUARIO, _NOMBREUSUARIO, _CARGO, PRIVILEGIOS) values (18, 'V6SMNYQIT OWQTHAYHFAPW1W44CWNTYGOR45AA459EL G5QCTI', '2M3WA4W4P45KMUMQX954Y0CGH6UHMR9VDBG 819FVAA00H35TH', '2JXY QJQM6HDDAS540QR767AW12B3RYP P8O1FSKXKF 3I8LEA');

insert into USUARIO (_IDUSUARIO, _NOMBREUSUARIO, _CARGO, PRIVILEGIOS) values (6, 'SQCWI6GX9M83QUQH8S62VLU813SMT402TD7YMV0EYHAKAQX33W', '77ULFHQ HESO59HCG3GDTMK0LNOU1G 8KW8G9DYMGOQDFKVI Q', 'LVLY23H7W1XOX13YIJX63P59150K79F510DVSLUHH8PJJ4TL7D');

insert into USUARIO (_IDUSUARIO, _NOMBREUSUARIO, _CARGO, PRIVILEGIOS) values (11, 'LKIHP8YWYOQS99GFSW8XC7RKOQE0S1PN742YRU7YKU1X1UR2TO', 'JGY DM7F0VPCFOSUJL4MQGYW42MC3I9MQXRC0FGFY2Y881NSQE', '7N2NVUN9PMJD3QPPVJO75GIMEAKSYCL0O1V8UQ1C6M4BOJSMCB');

insert into USUARIO (_IDUSUARIO, _NOMBREUSUARIO, _CARGO, PRIVILEGIOS) values (14, 'LMRN3WN9DYSB56UC5HQ8PQGUUIP8RECGLOCLGFOX382PGHRXV1', '1ESQKP6E2TPWPKQ 683N1X 8K7GBBP9QTMSL1YNEXW884LQ2UT', ' E0H26AER3OWV1R92844QSB6HS7MIAFOH6UN9TWIFGYLAX7DMT');

insert into USUARIO (_IDUSUARIO, _NOMBREUSUARIO, _CARGO, PRIVILEGIOS) values (9, '44GMQKR 9FLEOIL81P9XIOX KLRJDRTW7XEWT2W3L6DWFAISH6', 'DDVD4M1Y5H5L5R QI3INRJ14CWHVK5BYMK7AVVOWIEURX6YXN7', 'HWF 90LXLM56YAGWTM9B0HCQJF541M5JILP7I13AGV0P2YQAVS');

insert into USUARIO (_IDUSUARIO, _NOMBREUSUARIO, _CARGO, PRIVILEGIOS) values (12, 'W2SX18KEYEAWKIYBIJO313MM60XOHOAG0EL7LHX0JPFTTD525M', 'AXCN5PN65PIKR4K7KFA3J0MTBJOYV11R23P OGUBOKF1AG13OO', '8GQ9V3Y1RXIDPBIECLSA2S8CD27MOJT4DTH V9KPFL76YLO4 9');

insert into USUARIO (_IDUSUARIO, _NOMBREUSUARIO, _CARGO, PRIVILEGIOS) values (3, '06ST96J1QVTISI7KKNFDW84E958H5PMYI7ND6 75BY05NBP4GD', '0PH RETJ0LMHIKRLQ9VYNG 1NPNRWXO24L573RVF1WYGWAK3SI', '2 4S3NMH3F774BXYUWQ8EEJ8YQ14WBG5PGG23351PNPA5P6ATI');

insert into USUARIO (_IDUSUARIO, _NOMBREUSUARIO, _CARGO, PRIVILEGIOS) values (16, 'L38YCSYMV0RV60 UX2IPC4GPWEMUTF8KL6IPV704AHNV34LWFP', 'SBRL6 35HI DVSA0YMWD93G5BP4I0BS87E0OQA6A5T8YX7PO3X', 'EIERIWXWM1W3I788QQXMDPCP45X9E6KCBW72SIIPY049Y6J07D');

insert into USUARIO (_IDUSUARIO, _NOMBREUSUARIO, _CARGO, PRIVILEGIOS) values (2, 'AP4O95TI8RTV8NLK4OER3PKU9PQMSBIE60RG4EL4TD3M 46O5O', 'GL2IF 0P2RT98BQO5KB2WITGK4PU3OJF2RNWOG2IOD2Y31QA00', '7TQFI7 MCMYVM7HP86TYF9SYVBNTQMNY8 QY2UAW227IRYFMPR');

insert into USUARIO (_IDUSUARIO, _NOMBREUSUARIO, _CARGO, PRIVILEGIOS) values (4, 'MLALEFS0EM982SRAG0NPOAGM UCQJ9J8CNU5X 61J90WJTCUJQ', ' KQLFTX7GCPI2142NJI3CX P4NU4D1IN07OOO1CIMJC17GYL0 ', '3YLXDC4DHO90BV4YV14LKJJLJ62P7PN057C6KYS6CBTC1XSDOA');

insert into USUARIO (_IDUSUARIO, _NOMBREUSUARIO, _CARGO, PRIVILEGIOS) values (5, 'TJ H04VLHABI HATDUTP9RIIBSVU OA UH K659RSTR  9BXPF', 'OQEBYYJRLNJDI1XJCE3UU6 E9MAX0EWTIOOSO89VV40EXOK9RO', '3GXLYRDTTOEFVTJ95OO0E774EY69UFQ7NOYHAV6CP75QVRULV5');

insert into USUARIO (_IDUSUARIO, _NOMBREUSUARIO, _CARGO, PRIVILEGIOS) values (15, 'B4KSU9PGKQKG017BNSDNK8XIMQR0AM N79ECXC1OLMQF30PWIT', ' MG9K2DXFDQESVVMC26KGMTI7UQW4BKYDEBQOU04HEKEH34NCI', 'M4DK0G98MIT N9RLT0DTGHLU3V11QLLLRBUYSJXUSOXM3QNR6F');

insert into USUARIO (_IDUSUARIO, _NOMBREUSUARIO, _CARGO, PRIVILEGIOS) values (10, 'U7ARXN64EV1LNJRFWDCFFBK5YJY0DBMRK1Y10Q8 OMIAD9SG F', '167NSP1 75EU7T1RKQEI02AT7QGERA3YBT224A0KY2XCRYGB18', 'P6O PAELIITKP311TSLI9IL55IPXUV7CO7GDGDR 5PSPVXY405');

insert into USUARIO (_IDUSUARIO, _NOMBREUSUARIO, _CARGO, PRIVILEGIOS) values (19, 'M6AGIBFG YLTK4B15KQE5H8PN552NI9QB39A1J4ENRYQIQOSFW', 'E89ISECL LB35KODQFW1RQ7X8NOS3 VE5REG9KY2DTPXN9OB38', 'FFC7JRCI6Y5PPTDRC8N4HKPSE21HITWQG8K NQ238VNBVBPFYW');

insert into USUARIO (_IDUSUARIO, _NOMBREUSUARIO, _CARGO, PRIVILEGIOS) values (7, 'VGSBG6FJAF88851LB6CNTAF7EN1Y0HGDLSLGITTM9 XK49G1PP', 'NQEG6BV8PCCU653QPCPPANF3XYDW0 A9EFSF5OQQ7XDK494  Y', 'ANA9MMCPFC7RSYRSM2FPNHONQTKODDYPOCIF4OEJI951RSJUGV');

insert into USUARIO (_IDUSUARIO, _NOMBREUSUARIO, _CARGO, PRIVILEGIOS) values (13, '1V4PWY37CHFYUA8KGCB0VMYGQ  76OYHDUBWJLH96ETSBUH0UU', 'VRNS3OLPW BOTEQQJXED Y A5IVH9GLL9DBSP Q7KQ9JDPQJ3Y', ' PAFA50J26TG0VFL SB4FC53W3OYY3AYW5VGV5FX9GA7SJE31H');

insert into USUARIO (_IDUSUARIO, _NOMBREUSUARIO, _CARGO, PRIVILEGIOS) values (17, 'MUPIFS39KW MVE1LJR OCUR9X4J4AKT6X1CA430MGSJXJECMPS', '9N1VDNGPMFXBCU8WOVTI1RK KN0C27O44RLMAKSTNNRTPSU916', 'XP8VCVKT5R94M AW5OBB6MJMTS3QSKM2MXPSHUVGM9PEBUU8JW');

/*==============================================================*/
/* Generate test data for the table "telefono".                 */
/*==============================================================*/
insert into TELEFONO (_IDTELEFONO, _IDUSUARIO, _NUMTELEFONO) values (1, 18, 16);

insert into TELEFONO (_IDTELEFONO, _IDUSUARIO, _NUMTELEFONO) values (10, 18, 5);

insert into TELEFONO (_IDTELEFONO, _IDUSUARIO, _NUMTELEFONO) values (15, 1, 18);

insert into TELEFONO (_IDTELEFONO, _IDUSUARIO, _NUMTELEFONO) values (9, 19, 12);

insert into TELEFONO (_IDTELEFONO, _IDUSUARIO, _NUMTELEFONO) values (14, 5, 3);

insert into TELEFONO (_IDTELEFONO, _IDUSUARIO, _NUMTELEFONO) values (8, 2, 13);

insert into TELEFONO (_IDTELEFONO, _IDUSUARIO, _NUMTELEFONO) values (5, 7, 7);

insert into TELEFONO (_IDTELEFONO, _IDUSUARIO, _NUMTELEFONO) values (11, 18, 6);

insert into TELEFONO (_IDTELEFONO, _IDUSUARIO, _NUMTELEFONO) values (13, 2, 1);

insert into TELEFONO (_IDTELEFONO, _IDUSUARIO, _NUMTELEFONO) values (4, 5, 14);

insert into TELEFONO (_IDTELEFONO, _IDUSUARIO, _NUMTELEFONO) values (19, 7, 11);

insert into TELEFONO (_IDTELEFONO, _IDUSUARIO, _NUMTELEFONO) values (3, 18, 15);

insert into TELEFONO (_IDTELEFONO, _IDUSUARIO, _NUMTELEFONO) values (12, 5, 17);

insert into TELEFONO (_IDTELEFONO, _IDUSUARIO, _NUMTELEFONO) values (17, 14, 9);

insert into TELEFONO (_IDTELEFONO, _IDUSUARIO, _NUMTELEFONO) values (2, 9, 19);

insert into TELEFONO (_IDTELEFONO, _IDUSUARIO, _NUMTELEFONO) values (20, 14, 8);

insert into TELEFONO (_IDTELEFONO, _IDUSUARIO, _NUMTELEFONO) values (18, 15, 10);

insert into TELEFONO (_IDTELEFONO, _IDUSUARIO, _NUMTELEFONO) values (6, 9, 4);

insert into TELEFONO (_IDTELEFONO, _IDUSUARIO, _NUMTELEFONO) values (7, 15, 20);

insert into TELEFONO (_IDTELEFONO, _IDUSUARIO, _NUMTELEFONO) values (16, 19, 2);

/*==============================================================*/
/* Generate test data for the table "docente".                  */
/*==============================================================*/
insert into DOCENTE (_IDUSUARIO, _NOMBREUSUARIO, _CARGO, PRIVILEGIOS, _TITULAR) values (20, 'NRDCG2I1BCDJVRQFYRJQ0V700L 8 QK7OWY1GDU6DLOC9CF9TH', 'X3WOV6MDOIHBBR3543NCLOUDB1CN948XO8X9EONU5HF6MMBI J', '5DYD8MVD 4KQSVMS5W0IQSU1AEYEFYD HMQHNF1P RQMR27OEM', 2);

insert into DOCENTE (_IDUSUARIO, _NOMBREUSUARIO, _CARGO, PRIVILEGIOS, _TITULAR) values (1, 'EFDT4NOWHHYQAW0XKPE864590FQXDN9SEGTN89LM3C5YQDDY05', ' 35EFM2DLM2Y9U9DK5QREWP JE537FG8EGRIAF2HBPYE4BJ7  ', '6AL2MJLMYASH6GALFW55X911LRYF9Y935DOB17B1Y3LD20TKB1', 5);

insert into DOCENTE (_IDUSUARIO, _NOMBREUSUARIO, _CARGO, PRIVILEGIOS, _TITULAR) values (8, '875I2DGTH4 IOU39484FCD716VU1PBOIKI9TS5LWJ6QQP1MRU5', '7GXN41 RRQDDES6N0CUSHVARLOD7CBPJR9 Y3J77WH6GQRY 5K', 'O9HH1KJ6KWGTFIPLL3S57NET12106KO8FC69NL0U F UEONR82', 16);

insert into DOCENTE (_IDUSUARIO, _NOMBREUSUARIO, _CARGO, PRIVILEGIOS, _TITULAR) values (18, 'BOQYM5EIJ8AGFEX06H9YMIN0447XN9ALIBUBTR NW6PYOUHAHV', 'ADOWMT5F7VM6IPU38BHDXTIPSGELP V9LGXWN0DQQHC8FMG7 T', '40T0QBR5J887URW4 UA1HLV7M0E1TMP3QOHEFFIDLXOR7RWJGX', 7);

insert into DOCENTE (_IDUSUARIO, _NOMBREUSUARIO, _CARGO, PRIVILEGIOS, _TITULAR) values (6, 'SC5WE8MDD6BFNFBO1KP9XOW1PMD8BIW7TYGO41U0PNCFT7F 1Y', '495V364SCNKBFWJ0K21PI3SRHRSI3BFBUW4RO2YJL51SMGNP1H', '7JG68JORJQ5QF3 MBQ VHMRMV84BGMLKE9GABWXWKKHN3AMJ8J', 14);

insert into DOCENTE (_IDUSUARIO, _NOMBREUSUARIO, _CARGO, PRIVILEGIOS, _TITULAR) values (11, 'RIWONTGC E6J3N7N7WXCCMXD RG1K9RW RGD8IC8KJNVS8 EP0', 'PEDDX41 8SUJH7JSF2TYQG5AVEQ59SO6UO9TLM10N 8CVM6GXI', ' 80 3E362DXN1AM61HO PL5WTRPX2OV3 2TN8NAWGTYYWXHSS8', 15);

insert into DOCENTE (_IDUSUARIO, _NOMBREUSUARIO, _CARGO, PRIVILEGIOS, _TITULAR) values (14, 'QOPK2F1B2THKFYWNU3RY1ILB5NSYLEQV79M5G7SHW1XTJWK86W', 'MURX353ANRG6 3WE16Y0LV7TEP2CP9QYO430HO1RPE6HE1PI3I', '3IXIMW2EJG6MP9LRU B6ABSFE3SUABCXQG O6ABU4JDD KFPCI', 9);

insert into DOCENTE (_IDUSUARIO, _NOMBREUSUARIO, _CARGO, PRIVILEGIOS, _TITULAR) values (9, 'FXGK6QRQUMMXNQTXRLO51  SQUWKL BHE3V W9FKS20G9AS7T2', 'XOTHE60XDR2H8F4LLFHRB7TK0 FRA3CCBMTOX37QTYCA44OGWJ', '08LYLVIQYQ7MCUWXSHRHJ6AWLCO773TXJHK4FSOQ1O49H7B6VU', 17);

insert into DOCENTE (_IDUSUARIO, _NOMBREUSUARIO, _CARGO, PRIVILEGIOS, _TITULAR) values (12, 'LV7Y4XRBL04SU6X1SEXQVBIY L0L78JKD66XXWUXXGSW8 88 R', '77SAF7HIMVXF7KLKR7TPO99OKSDEJBFDVONQJORPKYAYOI1VVQ', '4ITH4HBCN1K432LXCNVOQ3B7PDG3XM6XQ39P2CJLGLAS9WG0T3', 4);

insert into DOCENTE (_IDUSUARIO, _NOMBREUSUARIO, _CARGO, PRIVILEGIOS, _TITULAR) values (3, 'WFKPVU14T4TWP0G EWRSW6J8R0OJM3K00YS9T9XY3S8N39KES7', 'EDP1CBS 9RG7BKOTAGLQWQTG889WTIDT8M02FV6T9UOKKHV4HJ', 'JVN KAHS1HWU9FWN OQRTQG 44NMYMNO2RRO37O1 DSK6EP567', 18);

insert into DOCENTE (_IDUSUARIO, _NOMBREUSUARIO, _CARGO, PRIVILEGIOS, _TITULAR) values (16, 'TFVJEVS836EWVC0EK08LP7VUTLK3OPVM 6PCM040BVXUJ449RQ', 'VU247Q3V0XDUHDJGHEDH3OBQVEVPRW8C1IBEDX1B54TH7KYC31', '438TR1UXXIE0C85JNPQPB84IEOJB0C YFWD8D9A011NU3AGC7N', 13);

insert into DOCENTE (_IDUSUARIO, _NOMBREUSUARIO, _CARGO, PRIVILEGIOS, _TITULAR) values (2, '65P4N1QLY529OC16FVRHJAV7L2IS6E VM4K3GFW16YCNQWG519', 'BK8XFNO6U2FUUJ76X5GHOG1K3YA2DTEHKW1RPC55V7TL23UY0B', 'VY76BMR8G0GIOH7VEVXRC16T27 0S6LBCI DDE8DLTEOIA8WX ', 8);

insert into DOCENTE (_IDUSUARIO, _NOMBREUSUARIO, _CARGO, PRIVILEGIOS, _TITULAR) values (4, 'I9CD1HTJ 1G4LGMN5OWK2251BL5CIGMMXIE  N 8EMU2S78QOK', 'TIT U06RIU28JE4Q 864NBBE8JTFUAFIU3MR9MP1NRL480Q2FC', 'YBULTMNJS8U 7NNA0V9CGI4D4IQRK 68OER7RESS3GHMSQQOFH', 11);

insert into DOCENTE (_IDUSUARIO, _NOMBREUSUARIO, _CARGO, PRIVILEGIOS, _TITULAR) values (5, '3COGUQ3 J1A79VCH17KAMYLIPEJKLCLON32L8B4U1SM32YDN8L', '4C708OY1B6P1U106ISH16MIMV3OV0HU02N82IMCD22DFPTRK58', 'VWB4SSJAO7LAWN730827H79RJUCS2F6N6E2WUKG0PTX6BQB5K0', 3);

insert into DOCENTE (_IDUSUARIO, _NOMBREUSUARIO, _CARGO, PRIVILEGIOS, _TITULAR) values (15, 'FN8FKT KKHU9M RK8LD02CDT5G7MVLE31MBANS3IEQ49TP5U15', '98UYY402NY77Q0URSOSKROU0F77EL1JFWMR7UXEYGMH5K2LLEG', '2C9HH UA6APR0E754N1LEA6OJ38DO0HPC55RNKAJSR68EJXAAD', 10);

insert into DOCENTE (_IDUSUARIO, _NOMBREUSUARIO, _CARGO, PRIVILEGIOS, _TITULAR) values (10, '9WVVPP9BUK04H0NSH4GW0JBLM0G60J4N0 UWSH6E8F73058CBC', 'IHK0Q3VFE20AXV7 R34HSXVOPXXTP76EVX7C2HBJ1PMUU5JKF3', 'Q6OEJUKP UMPRHT7RJIMT21XLTNFHWK5Q2FA78JUEUD ICO96Q', 6);

insert into DOCENTE (_IDUSUARIO, _NOMBREUSUARIO, _CARGO, PRIVILEGIOS, _TITULAR) values (19, 'VOADE5M14V4JV6R5G2XLV0LN8L LM7FC3WW5J CSOGT9GEL7K8', 'P95BBALQCRUTPYV65KGMVIPU 742QY5AKJQIL3JFHBYR4WA6WG', 'JXE73NKWT4WXBCFBIJNN7EVFV7T7D42N0V1AC08CRBBA3CPJKE', 1);

insert into DOCENTE (_IDUSUARIO, _NOMBREUSUARIO, _CARGO, PRIVILEGIOS, _TITULAR) values (7, 'PNGI6LQKP2BP3BMTI XNNXBIINMV0TCJG1A8YMSD5DSSCS56Y7', 'S07KPPPRVM873FQM3672ULXVCK4IPHXOBCHH85HSGUYR8W8K22', 'DVMIB6UFTXNUK10JPGF59A3FWRSR2L4RXH3G7XTBP9IMF1COGU', 20);

insert into DOCENTE (_IDUSUARIO, _NOMBREUSUARIO, _CARGO, PRIVILEGIOS, _TITULAR) values (13, 'J4WEJGK82KXTTOTQUSBXY0SM43G0H3S12HM32AOPP3178J7QFG', '1MHFELHYVDFCUTGGFB4P HJ1EF9S4IQ3KK9PJP6R6LLN6FYCAM', 'DFWE7FT1LEEUC7V28NH23ANTARU7MOFFEDVNC APX5929XT2YO', 12);

insert into DOCENTE (_IDUSUARIO, _NOMBREUSUARIO, _CARGO, PRIVILEGIOS, _TITULAR) values (17, 'IY6UHA79U0QFNP6WLYHHJ7BER VKKE58V1OIQ8OJXQC7TRE5MR', '5KXX2LJGQTIBICU5S057JY8K3WKWV7SBPJ1694WJWBIX22E EH', 'OHNH1PY01UP5IV72XNP4T07H17Y4Q 78BIMHV0V7IXD4LBGI9J', 19);

/*==============================================================*/
/* Generate test data for the table "materia".                  */
/*==============================================================*/
insert into MATERIA (_CODIGOMATERIA, _NOMMATERIA, SIGLAMATERIA) values ('5V981H8BRQXG XBJJOXI71A0 TFAGV', 'TYS9JAUFKRYKJV6N3BW6E34TFB4SCJ3RYC5NGGTGLUOYMSSIQS', ' 8JS024GVY6VSLGEGXNQWY76JVIV JV2W3HEIJAK T1L4P1XWF');

insert into MATERIA (_CODIGOMATERIA, _NOMMATERIA, SIGLAMATERIA) values ('WYQFTCEV2DV8LU79DCQGHGAMO4ODOP', 'GQQIYIIUGJ0RDVAI5GGMYA0GV2AEL0TSGTSL2FWSQ5WKEKABC3', 'U14V9YK4LE7 ERRGVV3S2SN336M38V2QO8KU9J938FVJA8F  L');

insert into MATERIA (_CODIGOMATERIA, _NOMMATERIA, SIGLAMATERIA) values ('2EYX K1 6Y45XQR4B53B07QNPOWP5 ', '7LO YTNETUBGUE5S6N4TB 4VB37IH7E GUIL4JVMXD7SRE8T7W', 'YINYPN5G1SCN 3PUQDV64O GMHWU2HMA046S8FJNXFPMWW U1P');

insert into MATERIA (_CODIGOMATERIA, _NOMMATERIA, SIGLAMATERIA) values ('DUA12H6JIWDYTKE35G2KPY7MR 88A0', '12TR4 3O XQG7K AV7F4F5E7DOTOIEEAS4AHCDDK64K6POS2OE', 'T1UVWFVTIW3W541KUWLL3EKBLYDP6LLMR7HYOOV6HJ7EHOJJYT');

insert into MATERIA (_CODIGOMATERIA, _NOMMATERIA, SIGLAMATERIA) values ('XHDE31WXQIX1HLC6R2Q6RX9D6C1D5N', 'I3033TOT378XSVD2NVU NOAVV232Y62VFD47 K838EGHHO4781', 'HDAS3FFUB5GWCOHOA8F KV7UE72YUDP T809CCLAS4HXX SCV9');

insert into MATERIA (_CODIGOMATERIA, _NOMMATERIA, SIGLAMATERIA) values ('YYHITC1XU71IFFLXS9LASR61MCUU9 ', 'JFDU2517B4MKJHU90X3RGKC12QKJN0YI4W1SK1Y35VW2SAXHSC', 'WHRS4U TSB12FRSRPN0CK89NH9VDH 2PASYKNEGQ6K07HDYQE9');

insert into MATERIA (_CODIGOMATERIA, _NOMMATERIA, SIGLAMATERIA) values ('AQS2DR1O8R5XIJAAAGVOEDTUP5BB5J', 'EK0E4BO28AU298 B754U3N2 YEWGD895 2VYSWOHOLV44JDAFH', 'JEQJEV7WGBEA1DDTJFBCOR8WD56011MR41N 64X9NXFW79F KC');

insert into MATERIA (_CODIGOMATERIA, _NOMMATERIA, SIGLAMATERIA) values ('E5 MGM6PRN8YTCLG71O250SQN86UTD', 'BYF6EU 94CF 1QXABP3RAP224406B A92YFF7F962EVQJ6B4UC', 'KDSTIXKSYO4RE8SIU7VWH5CYHC8J92 U045W4OUS8EK3C5BRVS');

insert into MATERIA (_CODIGOMATERIA, _NOMMATERIA, SIGLAMATERIA) values ('2TPA5YEHITXM8CLES205E20GETEU15', 'ADG1O8E40AMAGTJM7ICF LLB0TX6CEAO6IXGTGNCNGTQKE5T9Y', '0S7S4WJ05G98F563F8MI5DG1YFJF9AA6FMYRDTI87I94E5PPN8');

insert into MATERIA (_CODIGOMATERIA, _NOMMATERIA, SIGLAMATERIA) values ('89MUR06QW6 ES4V42NM0XDN5KWUWFT', 'I4HWUWM 725TQO4FAMQ3761NAIB8OKQP2J3D924F3VY0JG TSV', '6BAH4C8AOCYBRT6B648FF9YBQP2D7C0DGATOR1KDWMKQXXO0RA');

insert into MATERIA (_CODIGOMATERIA, _NOMMATERIA, SIGLAMATERIA) values ('7IIDTTD31DXXAPVSDYKCNXFI5GQTV5', 'SDL6S75GED44958966J CQ39 IDA5NK3EFP02WC2NSST0 1L2E', 'O7C77LMFI0D70DO227WPFJYE 1GRLY85G5B52BC1IYWGI1KQ6X');

insert into MATERIA (_CODIGOMATERIA, _NOMMATERIA, SIGLAMATERIA) values ('FD5RFSQQNH6OBJ4VYJGV7DGB9K5H7G', 'PXRUKKJR6NKGI W9NKKYJHRD86NE7I92 AB6KRW364O28QSVUU', '5ULR25WF3EVJJW10F1XJYUNOI5KDEO0F4V180TRPJUQD97R4TP');

insert into MATERIA (_CODIGOMATERIA, _NOMMATERIA, SIGLAMATERIA) values ('5PCYV5G8HL 7MUNJ8 5AECV9MJGQD6', 'HY9KMYCVFYAK40YPIH HERUGIR7CH3 0LUPQ277Q3MN173FVB1', 'HI0FAB 9IKYSAWF3483RVDM0N6F4NKOYOMJTKQ2M2VKBH6SPE9');

insert into MATERIA (_CODIGOMATERIA, _NOMMATERIA, SIGLAMATERIA) values ('FKGJD5XCV2781JWK93C T9 797TYAA', 'G2EX JJ7OCIN2D63 3XQBRYSDT00KQBDEEBNNGVHL0D9AF1HVH', '6O8L5PHSN4L05FQE6HEEN13R3YSSVVSXLQO5XP8B138SHP5K09');

insert into MATERIA (_CODIGOMATERIA, _NOMMATERIA, SIGLAMATERIA) values ('6UNPJL0MCDTA0FRW4TC1APMPKQV3QR', '62B2T8DI1DQBKI24KW6G12R7OG9SJ7 BQM7 15ABWQMUPXFILJ', 'IFJ6UWYR9WGLF08GRIVKAXA9YWXAR0RDDLOMT026PDAUQHKUXT');

insert into MATERIA (_CODIGOMATERIA, _NOMMATERIA, SIGLAMATERIA) values ('EQD9Y 7O3CQQ2N5TERU2RTV G30LWF', '7U8WRIYQRAJXQOJQAYI4M47G7PUDAGWDM818W4VGVTGM8BNN1L', 'CN10RXOOK5IM4FVRWOTPC6YSYA7YW23RY91VD107CDR1W5HJEX');

insert into MATERIA (_CODIGOMATERIA, _NOMMATERIA, SIGLAMATERIA) values ('23NOCI48CIOA8ABFS0HW769KYHJ2OT', 'N6LGKXOEO55K02M9NSDX1X1I7RHM3HCNDQ7IOELMFTE1H8ORSP', 'UP2H165959OHM8549AT MQNCR2WXTRPH2VUMIRJPVXOMSYUS8T');

insert into MATERIA (_CODIGOMATERIA, _NOMMATERIA, SIGLAMATERIA) values ('ECK 7WY7RWSQ3OHAYO8IS5WDB3ERDE', '1F7CVNA77OWAA36KA68 R6SH5SVDJSQHLS1TBLO5W7719X3XDW', 'QB01J8BOF17O7BOV2USK4Q8HF1C0YRS741GH03H1E6QACE6JIV');

insert into MATERIA (_CODIGOMATERIA, _NOMMATERIA, SIGLAMATERIA) values ('HY5Q CGCP982FV UOG60RNDI3C6T6C', ' R941K9DTV8H61IVABN X9UJ5KYGNGVWNOGK XHYY235IP25RT', '3B CFN3NS8FC4ANK048WIE4HB4LJBRLSBG8IWAAQD 9WJ4HOJO');

insert into MATERIA (_CODIGOMATERIA, _NOMMATERIA, SIGLAMATERIA) values ('Q0XVS14264H2QK8E9CJU QOSN6J4YV', 'BI3M4RUNA2V5XX1M TYU9EY5N8I89S8241SOLJJ I9FHFJ CTC', '9J19IHMHGH6O828Y01EF725CHKTW8KOH9T 61428HU1LVNDJIN');

/*==============================================================*/
/* Generate test data for the table "facultad".                 */
/*==============================================================*/
insert into FACULTAD (_IDFACULTAD, NOMFACULTAD, SECTOR) values (2, '5L18QGVE63EC7JDR UIIKDNJDUX0K4ME728X 2NPU2PLMN8OOIWJA8N7Q8H13IW9F 6FPG', 'MVKMSVX28W86EU6G870BMA5VHL6N38T3OE9E189N2MD RDRK3OY1RP1MBSI0CMKJB5KNVN1FYFKSVWX7G650C8ADVMBS7VEJJCWB');

insert into FACULTAD (_IDFACULTAD, NOMFACULTAD, SECTOR) values (6, 'B4HL31RXMVLL4 ACV9RYOAB8W6XGC6Y16UAC1410FUXCQIGILDJFFUF3OCC16JW2Y045AF', 'RXWJNB20J4T83OWGVMQV7B872540TPJ 8TWBFNXTNNVN9LBCVNI THO8CIT19BFWT1883A X30QJTOB6UV TT3WIFXTUGMEY14HY');

insert into FACULTAD (_IDFACULTAD, NOMFACULTAD, SECTOR) values (12, '6TA9DQJWPM8JJYQKQ8VFG15LGW2PTOASY8J6U6M2GIH42 JPOOM964D991EH36LYEG544P', '0GSUVMF925K8EVVJTMV8S9QSHK OHJF81PSLWT78YKIE404JXTDEXAGE0EJATP71M44 7TN3VYE5NPYCV YJCQ7D8W6OOW6GN4QD');

insert into FACULTAD (_IDFACULTAD, NOMFACULTAD, SECTOR) values (14, '6UG8GS4KWHWNM02O B52EADHQKTPK0O C0QYVQMGV0DH3AKQ6FCR0FW886VEQ4VEB7L00G', 'TRJKRQ8QO4XNTQ WM5GJT4UCQA0RMKDUUP N3QU VGT9I3JDB2XX2L7HP0ODJNJ4BMECV4SE QP67JKH2VNPQ9RXC1CUX3IKECGX');

insert into FACULTAD (_IDFACULTAD, NOMFACULTAD, SECTOR) values (11, '31I9ENS4VY6880RONLP8E668QYCYNXKX1CX4GUXYYO78KWO5GGT2MPXF5ANQQBWIK3BFDV', 'OKF5SY LPWPGHVY54FQ4FBKXUWE79N3TJ3W12Y9RDGG49BFR1V5ASN3HVJ0Q36KI265LMII50V104BX5WPU68S1L6X0H4KCQELWV');

insert into FACULTAD (_IDFACULTAD, NOMFACULTAD, SECTOR) values (1, 'DLKWLUDOBGVC7 YWK9RQLX  TYNMSX8PGA79LDWPRJAHJ45T7O 9FRUXNG2YM7FG0P92K1', 'CAXF27IBSVN4LIF9NCQEEATHK9AC8OLP4X BFYNU2  LI79NXUSAPCMCRNEDP1JJUVHSK012PFONO6H40R6SU6ED 23 LRQGHIGW');

insert into FACULTAD (_IDFACULTAD, NOMFACULTAD, SECTOR) values (4, 'QIORSNLL7NH11IKH18CJBS0SLFGVR9W PU6WAD2DFSI2WRE4K7A7PE85P1P8LH 90H 5JT', 'GO34J0QKJ623WF0I29XLMN0I4A28178WMMWTHDER5FQOJ4UC4IQL1L1F4J48H4G74YGLE1AS1G L  D7D95MMUEEVSBLVE0DH7FL');

insert into FACULTAD (_IDFACULTAD, NOMFACULTAD, SECTOR) values (15, 'SCDQ2XCYAPN9GVDTKMXW9OG 9T IB3 SKAY5B6WPQ4WYAA4NEFSR3GRQ6HD2VQWR8X9V1U', '8J6CA929A3OAM69OUCK79QS A123WACJW79CKA3OJF1T9F B6XBTMGITU 49XIHVFBWS 9WMUW4B6IYS4BPCXG74N2UWTMVNU3SV');

insert into FACULTAD (_IDFACULTAD, NOMFACULTAD, SECTOR) values (9, 'Y97643VOM62Q3JP9R9815G0GBTOWPWI9KI7LFKPNBEYNUA76ET 4J6I31STN1CL7N2AY8D', '7G3EE8QBVDN06611LNFLX1B68RCM6MW HG32D62M8DAI 1XCMDHKUJUFEGK6IVHKK94BYBL4U7VK3D9UHBE2M5 53OWC S1BOB3F');

insert into FACULTAD (_IDFACULTAD, NOMFACULTAD, SECTOR) values (10, 'V6GWI2F74NIC C3UOUQ2KO8JLWV40S6S QYY7XGQMNNCT4N9GCPSY9JXFXOK0KA674NGH ', 'F60XN26 5H888N2RJAM0MRKUP5F1NHTF25B8AIUBSP9GGV5XVCVTTHH0WPQPUYS 5JTGTH5SQ63J9Y1L L7I1 FWQ1BF3ECC1M33');

insert into FACULTAD (_IDFACULTAD, NOMFACULTAD, SECTOR) values (20, 'UCBE512WAE8M7NYMH4HBCXWLR06K30VXRQFN6BGXECX334LYXWQFVFD4415PLTYCPSMJLO', 'WCA7P RO97YD67B76VW5GQTITUKI3H VMX51F4J8MFWIW967M483C77EXSC3Q7LMQDFIQG1R1QL0IS3XD3JPPSONW2BCEODEGAMD');

insert into FACULTAD (_IDFACULTAD, NOMFACULTAD, SECTOR) values (19, 'MENB0L67YAY6N31W4A62TLBSBRDH6I3BBG TIEXN4K 08KGUU512GN4HJJU VK6182MCX4', 'FS2WRQNGINLYWMMMVRR1QYY7JT0BHNY4CUSHJCD2DOJ28V66686IY4H9OCHR5VIVC7MIN0VTLK14WGMA2B22LNVRBX049R4FEEA3');

insert into FACULTAD (_IDFACULTAD, NOMFACULTAD, SECTOR) values (17, 'NT9MNN0GGECO18URP2A0EK  3D762NCVFQH9YI3S7GFQTUD7JF8FORCJVF0K4MC2230535', 'XH18PXG6 E7JXXPYA1XK04646JC6EVRKPYKJBAIG33V98 QK3679CGSHPTL8BXAEW1VM035CDFFBH92FPD12 9Y7CN1D7SF5WP80');

insert into FACULTAD (_IDFACULTAD, NOMFACULTAD, SECTOR) values (13, '11NFV3CDULV22VH6DDB0H0UA2M982VK700FGKFSFN1P4KE1KW00MJ3LV6SE5VV7MO 3CDC', 'FNLDIJFA6GW7ABLTKU1DYFLY1L0MNENX98E6O57GW4PSJ5R1REP82113YF5QOXX76 DNN8VN6S75QC8X90W8NOVF 87JXHNCXXKQ');

insert into FACULTAD (_IDFACULTAD, NOMFACULTAD, SECTOR) values (7, 'OTR0VHHYQWFFDC1E0QU8OHSL3C7MWI8BRGLEYLMCBAU KYXBYCS23L2BJLD V33R3E5IBM', 'OACGPUGFMWHBVQVW81CFAUWBYR5J92CMJ5B11NQ I2ROCG30W6L1114GVQMK09ELK37AXDO99N36H DF8IF FI6H8V WY9M4ORBP');

insert into FACULTAD (_IDFACULTAD, NOMFACULTAD, SECTOR) values (18, 'TCRXPFHV79PD9SEE278PDJUTXY1XX04BXMCA0 V6TGOO1B4J6F3426G3R45F01B6UPOVB7', '154W7RAL42S6D HLNTI360WPYR8U69NG509NAY E5BOHYT7W F 6EFVQXCQI210E XIIW6IQHAOO6PSIQRMR3R7HRIW2Q0 YDPKI');

insert into FACULTAD (_IDFACULTAD, NOMFACULTAD, SECTOR) values (5, '8NT3M8HXLBUYAJP530NEEHX3K9I3KGQ3VN97M5DCYMGQBP67XAMSXRU3EDV64WT0T89S P', '0T2B1FOARR6R63S Y3W FNRL8GXB53GY4MKMR2WYXG6MON569VT1X2NB03195RG8ASRQOHTJJQBPLJMUT0K17Y7O6 79BA5X0W4C');

insert into FACULTAD (_IDFACULTAD, NOMFACULTAD, SECTOR) values (16, '4O13HLYLWEWAU866CD3XX6S8SSY3WPAEMIJXH98CQ9R3EJXQNNP PC7NAMVNCSESCPW2YD', 'TU60TUWAERENXRJ2DHB79O5DJ4BPEWXW781HOJ1BH8YCGTWUHM6ME3EESN5I289F KP8GXMECS3XRBMRNC8S8J7R240B6P N8SRR');

insert into FACULTAD (_IDFACULTAD, NOMFACULTAD, SECTOR) values (8, 'H74O1CHH6LG12A7QDHJ50WTPJN7NC2HGCK3Y1FAP94 5S8KCJ8ACJHH14XR2W5N0N24VSB', '2JCQG6THSQGT G7RXRMIDRLDEHPX4O4NYBM9E1GAYYVROP5O7VHERNW Y7UAUWXM3LOJPWNR9C7WXRDW9FFTBT5NLVLEM3MN 4JS');

insert into FACULTAD (_IDFACULTAD, NOMFACULTAD, SECTOR) values (3, '2QPT VAUW48LSOGSMCVN04C64EME9I7P22GBSKRUCU9CVXHSH0T2IC9OITOH2EXWK2LF70', '089H7MJ8Y5FXWDVS63U1KXWLOQYSN10VWEG7UVPG1C7EF3Y1GDV P7JVB9W8NWNB2NQSQODWGPU4MBNXDB9FBY2VT RE3PTB65RB');

/*==============================================================*/
/* Generate test data for the table "carrera".                  */
/*==============================================================*/
insert into CARRERA (IDCARRERA, _IDFACULTAD, NOMCARRERA, TIPO) values (1, 2, 'E V2R166920VLTKXSK5MXXQP74PS70G0TM7JNQ69LU0OYAAC5V2G9NGDM8TS9G1IWI4B8G', 'K TV7Y69S7Q3MJ903YPQ8JY0NAWGG0');

insert into CARRERA (IDCARRERA, _IDFACULTAD, NOMCARRERA, TIPO) values (7, 18, 'O4SJJSIL2PCHIHRQQBG7SSM1WTFLXUEWUKL5XIQLQQFL40QDAG9RTDSJ29MBMA P1LC2BP', 'N8S0RA  F 8UOMBH57G2SL5XX9G0 A');

insert into CARRERA (IDCARRERA, _IDFACULTAD, NOMCARRERA, TIPO) values (2, 6, '6YEEXTB LM9T3XYSBMRBDG2EXC1BT1K CBGPW5C1RGYOI7YWPUJMY9UN58S3EADJT6LV00', ' DMC7W GXBHKKHG J1YN5AIQQOLAHG');

insert into CARRERA (IDCARRERA, _IDFACULTAD, NOMCARRERA, TIPO) values (14, 19, '5EQP0ENIDBLO7YACC2MRJBXE7970R9D8K0X7BH54K6LIV9RQQFD3VNVE9P547GN24GXM2O', '0A1WX01488P5SRORKX6MI5WKA2GPA7');

insert into CARRERA (IDCARRERA, _IDFACULTAD, NOMCARRERA, TIPO) values (11, 2, '7ROFDNXNBU 6GELT5NK1CSG2135X9JQRIJLIKA0DGISBVRTR90Y4G3BYBFTCIH1SC 0OXH', 'M3LUT8RVM3NMJ6M1H3SEP6D6JPUQ9F');

insert into CARRERA (IDCARRERA, _IDFACULTAD, NOMCARRERA, TIPO) values (16, 18, '3V40OLS2YK6P H75U5PGY9AU2VF0FP7BDPV XDA8MHHC09EWGQ12AV9X3D4X136NDLSINP', '8TTFNG1I6A82JT4H2H X5H4YXWWI6 ');

insert into CARRERA (IDCARRERA, _IDFACULTAD, NOMCARRERA, TIPO) values (18, 1, 'L U6NSDUO5B90FQ2VY1FRM4J7 B77UG18GVQE807D1VBQ8XDI7OFEQK2M34LDUE3NBJO A', 'MLBH0SDRY6U679K4QHWV3K1FWPB2TL');

insert into CARRERA (IDCARRERA, _IDFACULTAD, NOMCARRERA, TIPO) values (3, 1, 'H4E 8 3GK2JKVQ8331SK1HOI7XCB WXK6J50JB76PDHSVT1HH9NUQ1XLS5V2MGC2C2132K', 'L6LD9D8F8MB6D7 TO254SLU70N5HH6');

insert into CARRERA (IDCARRERA, _IDFACULTAD, NOMCARRERA, TIPO) values (6, 8, 'MW38WD7C55C45E7IHCTYS23KT8Y J5I4HHB5ETQ2GP3Q8KQF8BR8PRCLIVT65WPGE9QDLI', '7JLXQCL5HJ00IT2MWP18QM3QB 0NET');

insert into CARRERA (IDCARRERA, _IDFACULTAD, NOMCARRERA, TIPO) values (20, 11, 'IYE6WVXJUCKIUJAGO238H9D2VBLYFQ4RY4U0OW9HD1GD315GLNRX9GR9GJRMCRPPPSC06W', '5B T3X4IM9U5P1AR0DHW4H9Q00JW77');

insert into CARRERA (IDCARRERA, _IDFACULTAD, NOMCARRERA, TIPO) values (13, 19, 'AGFFEOAL1VV790ANXX935T6O0IPEUHWL5DEMCO1QOQMQUXHDFI95IHD8U57JW05CX5YUW0', 'SMS94S62D9CQEAO0374146QQ7IHTMV');

insert into CARRERA (IDCARRERA, _IDFACULTAD, NOMCARRERA, TIPO) values (12, 11, 'OKT26CBJIU BS26W70XKPWKP07TI1H3OEY8O8D 4TX7LF9 VO33J EF0BT 4W2J52DTDOA', '15X8PFMQ9DNEOA9SIDTM1VEAV3EH85');

insert into CARRERA (IDCARRERA, _IDFACULTAD, NOMCARRERA, TIPO) values (10, 17, 'RBP3TE3DAHNA7S42MSOJOL2CD9FXCTRP074KLTV70CP340F3TCKE5DA589XFRMXDN9Y59S', 'RS9I0EXVHV02L47BLG2PWY7TSWXUCJ');

insert into CARRERA (IDCARRERA, _IDFACULTAD, NOMCARRERA, TIPO) values (9, 5, '9OJC7LPPLU7C61OWOIDTWA 8 94EQCN4YVVWBJYBIUHVGQKFLLH CNX3 GFWV9LLY3HR F', 'TR1CWHR7BCQ9FFG1CSL0JTBKWDWIGE');

insert into CARRERA (IDCARRERA, _IDFACULTAD, NOMCARRERA, TIPO) values (4, 10, 'S6CPWG5H77OQT939LI854GIOXUIPF4XA8LMB9YUWXAUE6ISH0NET66J4KG8A8INVBP2LVP', '01IYQ89ED8H8IXQ1Y7AEG1DMJ72SAM');

insert into CARRERA (IDCARRERA, _IDFACULTAD, NOMCARRERA, TIPO) values (8, 7, 'VA5P99V1TG7OBY8KQMGVYK0 GK2KPQKEAJDEH3SHBU8L7BDJJ JISECWDGL6WYQ60A 77W', 'DDVNER0YWRNFTKWRHHE00HG195M KX');

insert into CARRERA (IDCARRERA, _IDFACULTAD, NOMCARRERA, TIPO) values (17, 19, 'A0A28BJR8GALSL4UE2971F8SAKPRKUJQ92G6CP0A 0 K8DO3VPR8J3KSNISVLYRV7LBTPH', 'MKTG0JBU70Q7V5J21KGMKA92TF8M4H');

insert into CARRERA (IDCARRERA, _IDFACULTAD, NOMCARRERA, TIPO) values (19, 16, 'O4DCHMYVEGYE9I9U2PSBJ5O2HR2W7CJBUKL0E5 5KGE6 RGB7H8SYVENM CP6T3Q24FY67', 'XBKMAK 7YIJRVJV4K343RETAKRWILH');

insert into CARRERA (IDCARRERA, _IDFACULTAD, NOMCARRERA, TIPO) values (15, 20, 'H3NRHHVAC0P6Y0TUE3B9464UL89G6JYGKIJ6 5P28CJ1LKONBM2IXSNRC6IDNJPAF49OAE', '5PI6SYHRVMQQDGSQ0KONCYS  NAU1K');

insert into CARRERA (IDCARRERA, _IDFACULTAD, NOMCARRERA, TIPO) values (5, 20, ' SEM1F7GXGVEKQVI7JPTBT825PAK8D8V2Q63QVF O3RKU6LO0T CBWTRVDCC2L8M0V WH4', 'W8BYGA0NG8D5U52B4W60EF N6LHFGC');

/*==============================================================*/
/* Generate test data for the table "encabezado".               */
/*==============================================================*/
insert into ENCABEZADO (IDENCABEZADO, DESCUNIVERSIDAD, DESCFACULTAD, DESCDEPARTAMENTO, DESCGESTION, LOGO, TITULO, LEMA) values (11, '59 AVS49UVLDHMO06CG6 OHE4X8PQ3L0L5TPQO3XGMXC6B 4P4', 'QSDPH87MRMQ9N8MI93NRPKQ1323LR51EWR80AFF3NWM00S54WA', 'GW7QPF9XPRL7EFSP2P2E4I538O U0IXH1J0MH3N6 9QRDAPPT4', '75FO6RKIU0SUHOD7GGL65Y901AR1H0', 'YIWS9H7KFXAWFQXBNIJIKMHJ09C95R6KUSRQYA24QRO6PAHI8HCN4C9CDGCXOBH3ND0S3BVWSUXB4JVC3LHDFDAO9KM8MUIQ19P6BOKFE2EEI3JYB X R5OEC42XXNEGGLSCK0I XHFWX384LRJ3LI08SLD2PPNYVJ21UGDMH25FK86JB23LJX5KKI8Y7G5S18AABRB5SWO0RQ JG4BLBCHN7G47VU88AV3DB5W882 V0CPDQ3SLVAQIW0JQBEMDLO1XDD19VN1JYBQ G91BAT2XKUUP75F3NYMQ4Q5EETLUGGW5MWGQRF0HQLAJHP70SY60D2XM5QFVG3GEVBE6P9LIJX2064WKY1 63QKO6M3 3510JU26NX46WM84I2TYSJ7XDNM35Q6UNYP4KUKL9LFD8ER5TOR6KVY9I646CA3DKHWLJR0LGYNSQ1KPNOV09E8FXCF0TN6TE6I3R09J77EX8DGLO9Q GNW18KBH44PNY2S16185', 'FXEF42R7O5G8HORRR41B1V3E29F4KPL3XKCDC4VDBV4M862F BC31KJS9SASOBXIJSWDYG 5B 8GWUW8VEW0V8IDN9RP0CS538DK', 'SVNR5IWLHHQPS GX7PKWQDJ4TSS22136JMBOI4RQSXTOMU65WFQ4PVTT9G529RIK0FYE9JQ5OF04NJ9Y35JC19LP4SKSE82C3 L5W9G4J56O4LAPVOXXVBPGNEDLQT1S945F7E QD93BE3CJ4SSIJDFJP0S1SA7XNLG01ISSWYG82LUDBBV1HAG7R9W062OK2A7YFRP ');

insert into ENCABEZADO (IDENCABEZADO, DESCUNIVERSIDAD, DESCFACULTAD, DESCDEPARTAMENTO, DESCGESTION, LOGO, TITULO, LEMA) values (20, '4LKIJBIHM8J0HMTYQFBKKKIGP0NV 4B4JAIH8U7R4KF3R6NM5B', 'UWE0EFHAVJRWED3J26217F7ORW9K6YXCHOABW 69S5QU EO8SV', 'TJLEPAF6U9K0QHOOQO4 1 FUUY4OEBTJNIPD91D6253M7NKQB5', 'LRSHXVEO74TV5R6QH G7V3EEO888T5', 'O4O25840O8AFE1SU5W07M2TP4MEOBCNE7YV7NJ5DPUXG04L1LW3O9VLY XG0HH7K9KT7H52CVYG VEY LML1M  TPLFUJ0G5H9ON42BXGV1N6HEDEPYBYUVWQO7O0IU0NX4WM78EYHAYU B5D9YB8 13KW4X5LS7Q 66QM0A 973DI2K1YTJ V5KVDTOTXL5TC8EVBTF9364 RV4118DH2UUJVHUJ6FH6H6B4DOXQG2TIEXO977XK6KMJLL5G3E67F9E5VL7HE2RH799OR72TSSY2B20FEIFHP2 DYDVRGTB1WU9GG2JGLR5DDAQYVPSRDQ4SSSXYOCM0AIBWN2QA7RT0LXB6CR W ON3KJLLO3NU72DF6VYUEUSJC6LWMF4YQS9NI7DEKX1QI6MQHK8BU49RIK6JMBK38CBFW83812BE3GKJFLBIDGONJ2EA70WQP113Y1S4A7QBUC SIVUXRQP9D1GUBX3BUXE 2XU71DCLRAXKPP6', 'N37EBSAN51MA6KKTDOUW9W7WSCQL5K3GDM3SMKNBSJ M8Y1NI9QXP1 LFDQ6WI6R55LP8MLWRP4X1SYVESUQB1AFG4515QQH691E', 'HFT TAMXJ3VQCGTH0YSON01B 21NMR2Q1 NCHSYOM1D1VS059UDG7K8KIUIPXRJ6BUDE4CJV 1VR0RXU1QH2WQLGFI12UE6DJD9IVNDMQ2RYUCVWFFWI0XYX520V3 I0RWIA3YYPM3BXM2JG9T82X8FPRIOMGAGOJU9P936Q25TCRY0H T3B77NA V73XM9O5JIX1CA4');

insert into ENCABEZADO (IDENCABEZADO, DESCUNIVERSIDAD, DESCFACULTAD, DESCDEPARTAMENTO, DESCGESTION, LOGO, TITULO, LEMA) values (19, 'AQ1Y68JR23IWQFSEP9Y7R9GW62LJRCORQ5OTF48HYM0ALE1KG8', '3K7 LP4ALCJNJXVFQTL MQQXF VLP130R4GVKRKUAHIPKO8Q6A', '4U7 A0NN93NIIQD0EURS00RD5YN5GWHCVR7E81MU9AEOSAGWHI', 'WWYJIT934B58QE3X2F2G6CGL3RE5HK', 'OUPDUJ9APXEAJWJ60I3WUJ3 YSLP4IRGLH1 U0VLW1Q08NSVTQMVJL7AUXF V 6M3K82TEHW6O2 DFXVQ4KYVJ0LB9XMDQFDA1UGFR3HYXG923P7M4UNP6753U5SATH8YU6BNQ2E9TW5M 9U369P XVUKS  JXLHI J1FF8IUJ99I13DGUK6SPIGS89X57K41H5A KSF17CHBN5AJMEDEY1GECRN9DH29D11PCBKV UYSUSTX2BY8MS7SC4F9NXVKR9K1IW405D5U3P UTRQWAHRYEVVLTT 0QPDNCX2TWFRKF3I6I2Y4X8 KUIVY5JKAG5ADM759JET7FI2FRK1R4KIYYDI5ITKR3DE5P1X DNM46WXSACPX0GS10QA39USFVY25H0OAQEQUAN94SK S68 IFTVY87O 0HYNB7I6 QY2YJ0W256OTN4MLN8 XULQSB1152B7JRHPUQUAV1U6NUYCV9PM97NNIUG FGROUDQO6U831 V', 'RB946HORAAU3CQ8G19A8KPQ4F1RXU56TI2SYC8KFBR5BSYD H304LTQ3V63NNJ7RFA5OPY802H6QB 3WYYEIKPOFA0LJ9MNR3E8V', '48B2SMSOPBW2KWKY96NAMTP4LI7G6K12JHVAF5UJ6A3HXYLTMK KV9WXE651O5HGO EGJ7HCUPWXAIINR43I2VCPU22PN153LUQB6XF5QMJ4U8K510R0V3 XUPMUBNXH 9MWI1SSM221YECOJFQ70V6TXOC05Y4W6FQIVS5WW5JW3OVGULJJEPNEBJO4PGIG6KLQRWGV');

insert into ENCABEZADO (IDENCABEZADO, DESCUNIVERSIDAD, DESCFACULTAD, DESCDEPARTAMENTO, DESCGESTION, LOGO, TITULO, LEMA) values (10, 'OOOTFU4EQMQM5N4NCX9JQMASM7GNN0EL2JBH4LVENB19GHCUH2', '7F IJOP JSU4PVLBE1OOUHUSQDKBOG94W61HWGLWTMFP6XA8W7', '9HQVPW5YMPF6HKO48YCXUEIBPV M2 QE2MAPCOFSSKY9B6QJLV', 'X64SAMR8HCL1KQBNXTWNJLY22XQUD5', 'XUF19RJTGP0NEJBS66N9JDGC8OUGTFPDQ7CPMP9D8AIA96WRKWB1BLQBNO6JIVTRN002C97IUKA 7UMG6OK4B1WXEYLB1BUSQ35 0YXNCMDYT H8A2VADAIP5VDFRP7EDR07TC G 256D2CO87333X1GOB37T07UYY54O2SV21HHSJ PJQLVNKWAXNSTX83P42L 3QP567LDNY4JXU1RXVCK0VW9IE0TM1QTA1XT R376UAM88JPGJL05E97NL18ECFG3NNOAG239S1OG5MCD8QIT9470W2EI UF1BWT4KX GFRSQD86KRRAK04K0H Y8JN4ATNLMVJHYES8E6PFHVMW3NCANGKUX1VNMXRN4P64MDALYGQ6AD43CT9BM1HC54Y0JG0X1XI3Y2FRYKI8S3 YANP7AGBXMWQT5B2N1XKH478W9DJ5FYUT6RYGNXIF50HNACKAUNW1 KNGRBTCCT9CDDR6BSIVTPTPCGXLFJCE XI3KDP ', 'S4FE8T8UORPQBDB4O2LF6CXQJ6H5RWUBEQC722GERUTN8SIW68W4M2PNFH41DBP6ECNWIOVIOALOVRN4M0CBF4G 3DBBH5FTU2AO', 'LYT8XDKFDQRS4NJHW 1CQ86 NYNETQ1VEMQVBA9D35QWE8GL7NM34UN5XWBPU2PVOC W5S7SM4U6MLB4F7N6XCWD PV2TAKNHC8OMO11A0A8BCI7ED6JBF9UFPF7VA7OFU V FT7176V7NTQLY7IP9IKKC428HNBU4OGPX 5H2M845EF7OLNKHRBC YYET8MRGOLCNFI');

insert into ENCABEZADO (IDENCABEZADO, DESCUNIVERSIDAD, DESCFACULTAD, DESCDEPARTAMENTO, DESCGESTION, LOGO, TITULO, LEMA) values (16, 'H835FS3KR34FMDF3 MOXJ2GK49P8O282U6LI4JUEUY42O9QPWU', '0CNFUOCOOL8RR96T9IHLCG0IG100RL6TDMK523QERAV2M21PSG', '3K4CDIUJRT 5TRJ8V8RQAYXIXRMJ6YR CISO I6R8VO9979V1X', ' YHDLIB0U2U5J18H7U HX6YE1THW75', 'AMMFB74FNCLOSPV2GNLOVK8WB6JVX1 YPDC9RHLWKXYFC82JDUVTF97OP5F19BR1N0NBG127QYP313BRI4YOHNFQNQQ65SPPWLQDE4ULFRVUGMV5WHY4KCEP8UX49IR9T6MGRMN8JVD6FNGTB XCGF058HD I5BQHUCVTWL PQ0UWL4R3SRTYKLB2MC5WS60MQQ8 V7I6TKW CFPB C84XW9T92DO6KPJ LFW F9UPNPXC97NSDO572T7GLK4H38ASMMB6LG8XTT7KXHGCIFDMLMMBX SGSSKDG94 G5M4I4DJ6PQXB19 H14X07BE1BPYJ1FE52UW3U5B3O5S8FHK2BEGM I2QKNUC G09UGWUEFF9208OPU64DT2IFCU144C5EKXQTMUXIA0LAAJVBA7SYEY9WYKO9CS7UCRX36GF8WOGJN40  KOMREF3MOM3BJN5FNNMNHCTOMKUCC6O5MQMANGXS2EHN0HHQB236PIV2I5YBMDO', '72HHMNGL6UABLQ7L1ELPT7AOA1JY GPJFP6 Y2CYOLWAXA3EIXG33TLKPJHI6OQ911PV96J4LPW6J20VMO9PIOA89BKRXFKEONRC', 'X2HQ34WR0E6ULDMND4SFWSSHS77TOKDSANO2AA9 I N8NO1VV8FBJFIJ7RFVL9J63BX8 YW5S9L6NOF3SSMQ59 70GFV6Q0OOLWGPWN3O5KGS7J8ND 3TD8QRQ53NK82U26A3IOEKNX0DLKYQK01SCO4Q3G8DX5W8A8JWMNGJO34TQ4PVX4KDD43V 65VF1K XGB4OLG');

insert into ENCABEZADO (IDENCABEZADO, DESCUNIVERSIDAD, DESCFACULTAD, DESCDEPARTAMENTO, DESCGESTION, LOGO, TITULO, LEMA) values (6, 'E2J9VD805EUHFT0NNSLRYM NIQFVLR55USSLCQM252X0G7J7SI', 'TR8SSNLGK6 KW76F3FGHV586E4XKU0DACVUN91676S5V5CLPNB', 'O2W71VPYN2YJEMD7 GH7B5WG89KIYMS3HQ9KAGY C82TBLWTDQ', 'SEIYC41BIRC0R9YP02R4FS2S8PAG0J', '8DC3Y0OM16U3MNP78YS KYS9SKPE7EIJVACWDSDN527E6W433BSJA3U3OL8I87D2QDWOVEMU 77KU9J1NPHUHYATPT5FBHNGR7MVD7K7NPVNXAKCDXOOWHN4 4611T001UIPIM54C3RE9ITJWCKO LC VTJ0LRYHPW05I487GIPEGJQG0ST7UAPOSTTTWYWS7JX C7MCJM0 O Q6OOEF7L RDI1NG0760DHSJE R8KF9TI22  SBHH92CVLKIM37TOCVC8XWF417ES T75TLR2NNOCCDUGPMH5JEOAXH3HDGLJJER6QQPG3YFYFM094K 2J716FLEFCH8JR 7M63QQENT9KO6SBDH851OLPJO9BKSIJ39I8PU3EN9BQP4U3OAYOCE50VDU PFAQJUHBFRQP7BPDNC9BGU4RCRLFH5JIRYQ1CYMCWSUYVOLD5 WKVR3H2WN1JQ8GAUP4XTMLJYQLD7MYRTMIFUTCDO3RH4DSP64HVTMPK', '67Q8RRKBI0EYRO6DTPQO6116WVWAJ1YWKT35RH3F5L3D 186 ERQ8D1M SQ1ISS8F92MQKKEVTDN1TDI1QMX 3O55EJL6KNFXCM3', 'G8P3WUSD6FQEHK8LG7M9KJBODYTPAH DPA7SS5EHPBCFVKUX4143LJA63Y2XJDKWMRFLBI4DL1NR3FFIFCO5NL1LG2SAUN9BWS1S KDYCGECO1NNXUFBB2QQA5OU9EYBVMMVID1Y1DAE6SKBS9FPEVV502EY BWAIJONSODUIPWEEMOCTEKSSEG9RQH9EKTGIRL6TM0W');

insert into ENCABEZADO (IDENCABEZADO, DESCUNIVERSIDAD, DESCFACULTAD, DESCDEPARTAMENTO, DESCGESTION, LOGO, TITULO, LEMA) values (5, 'D 7CC07P6HANRNLGKFWQDEARGEH5WQSRIG JY0EUN7RTNWGWJ ', '4T0AA3KWY6DOGYE3S9XE4P1IKRE5AGH69MU QX2P30RE3GAWXG', 'XRXRP3E43VI3JS9TFDXOTQBGAIFA 9EM7NW9Y1MT5MXG1VPH87', '1PA2QABOUGQWQOR45BAV9HI8MGDCJG', 'VM1UW0SPADLW1R7RJQF0DVT5QVK3EETWWWJMYHX1H29DDVDPNDS4RADJYYSS96FD UCCPAVM7QR45OJ9SXI4PMMNXDBG8QDHQVKYN8H1SCBTQ9TFF95KPF4XE5EU9E1KGE7MDL1PD 3BP5QWNA69KSVPQC1YJ 3Q2V5UQA9SOO2USH658  D4B90 196AXPU6RADON781K6TSWHILCTAE63PWCW102CL0JCAALFRIS90TLDYTDWPL1KFTGTGAVZFHRWVUMSYTI2E 80EM5AL24CKRIMMVCXK51LSSNM29X9CN1WGEQ16B6DCFR XPXY18WSWP7O5W9CECU1G7800 G4P4GD4UO7LM0WCAD15CSUFOWROQT0WWSFEUU87I69VT17MGN9MYT2LG1T0CNSY1HI 98VH3I161OTG96B2OMCAOND82X IIG1QN0HI5AYN3MVUXLHN6MSAFK0VJX28L20T I95DOS7INB3R2LCP5KJ AQ83VJ3', 'IS0I78V2A5G29AXNLYU4KJ5LOYUSDB3TLXB7XVMPQ79S04P2VQG7HJVJXOMV928T4QCCWC4F37HWUTD2B99BF7BNEF3K7Y4XW4SX', '5CQ5AXUBI1RANNU7A2DNYWSR5ONUQ 054A6PWREL0 O773SX21ECDJA0EL28X VG5IKCIL0C451SURH54NUTG97PWXYCUEHFN 2QHHSIAFDM58HD9YVS5FW6X1BB5L3FORTRE19SLP6KTKTWTYJCNT2KEE2ONEFOYYUM BBNTYSPSDUSVSUS7UTPXH1597J3WN3Q20BF');

insert into ENCABEZADO (IDENCABEZADO, DESCUNIVERSIDAD, DESCFACULTAD, DESCDEPARTAMENTO, DESCGESTION, LOGO, TITULO, LEMA) values (18, 'BDJ49NC49LHBH6B9BDU0CK XMROMFIU7XU2PYCXG6KJDWWO8WX', 'OB2A98Q2J5QOVKBXI5YJF3WKMQ2U428HT4BDU5B3TT FVGTCHI', 'FGTURADPWN6B1A6M9TDC CVIFDKY6VI D6WRN9YPY4CH1ULO65', '6GMG62NEA9N486OK93EFW5P10JBG62', 'R8Y1V57IKCOKEJ1SC9RY7OLBSPWEQ3O9LGO3LC91TK87M4VRAGJ0BMU6GBB93XTAUQHF2KAE91HDM8I7HCYV9G1 O65FFQ1WEJ09WC2K73S4IRJHVACLYQYSES2DRWG7C EKA67U4H 93LIBM2I4YY62N91BNU JWM356NCPOM9ESPSP00M4JQ9GN6H7D2KHGK L3BW0NBAXP2RWI2B1INLWRP8UU X IHE88TAV 110KONGQMK3HCJOIJJSM7S8RK06HTSMSOYLSKK6GLSCLHCAMT E 7PO3I DD L BQWFGSK7KHTKQS4JVBORTM82HKTG21TU 6408GNW6BUCD YIAA0TL1QF2IEYEQGGDK9MJQMYJMJ1PTTL0KW7L4K36M43VTFC8 CCEQ9B GWTJ2KEDFJENJVNBROWL5K9E W0GN884FDKBMYWSRNOA UY2A87FKKBXPRB4R56MPT07AO9X 90N7I674BLRW3T1S8MC9G CWIN', '5R7VOBNXIJUD0EYO  KYAXA2YUDQEXBCWT7FIUAOSXBGR04RYS59F 5RH7XMQ1F8HOSB81R7S6HM128C82X5ACIDW 5RNFLHF20I', 'E6IG1UEV4JNPAFOAQT0T4X FIYDVQA 5EEJJRMNSYFR H LRRWKYH0N7H3E13TFMJOYWBX8XDKVTKHWDKA99TFUQ78WJJU7J72RR8I6I27KLFFC4CMLJNOB2NMD J598HOVO4NWIDKD36V2RYIV QT63HIA8R1 X1P3HT47N9 OA0CNXYND3YFYF170E0C3L8A48ABDH');

insert into ENCABEZADO (IDENCABEZADO, DESCUNIVERSIDAD, DESCFACULTAD, DESCDEPARTAMENTO, DESCGESTION, LOGO, TITULO, LEMA) values (8, 'VLHPOB3YJVK6 TS7QXF XHD2AL9LQ15CUNGROU3YV 6DTCMOCS', '4W5V4XXXQ60MT81VREPS2OX9RSK I PK XL7MR225IWW 2IG1V', '4V7TEHC2OHP5WUJUEQIXL41OU3PK340HQ8P9PR6AEMYI27UY1S', '6F6G0MBX E4F4U 0AQA9T15ER1EI L', '0YB0JYW9K SRQOXHS3OF2HY5RGLPC82Q4KDWJ6F0J4IEOXE 81R2IF1VRNSPRFKBO29 2N5LPGF4CCH1IQOW2Y J88BNYRH8EE8MBUR7UT873YEEQ6PEJRPQTK8FD0Q3RMKEPTCQE4H6JCQKNE1CX8HQT1K9OHJBRSB8S6GXIBLXDKFSNFOSC72O649MO1N16XJAA0Y9XC JG9V6REN030KFG949C347D5602Y8126YFVKXJPEUNLLHNW WAQIHMDN1757 A0VNBR6RJVL0KHDRTGU8Y5SNQVJVTQGCUHG64HA0K95VWIBR5NDNW0VWW81C74XUDV0J4KNNTJC05LY8NP5M0WA05GE XUFH89NNUNJ582CY0TAA3HVIHJ11E8UAVJ7KMAJB3JRCMTH4HDXI3J5KQUQL8TOK504VICT9 7NFHF2TVOWW 1P IVHL489588IKMFR3US3358E9R9VRWU9TUSWD93W7SAA8I9JDDKGCO6WMY', '69DVL1DWWHPHYS60 W4XEOS2L15AE7ESATCBMRI448UJBIL0CHNPGB2ANWC57XTN73RGA5QV4CV3R8B1S0N8LGIWJ ETUING6INJ', 'EPUHC 1YJOAJELLIA0UY8ESX2MMCN11C2419ODLYJCPD8YGKTAXLK3MI9 3E8R8A9KGFRO5UFEKVUOAK FDA9VLL3M0FFCF7KG46EMTCDMSMPG9APV5CSP2BKUOKUAHS98YUMD8Y7U5HJIX9J16AP1VJB DD8LOFACT7LQDWEXEL6L9TTF9YRW5WME8LIROE7BH6NXO7');

insert into ENCABEZADO (IDENCABEZADO, DESCUNIVERSIDAD, DESCFACULTAD, DESCDEPARTAMENTO, DESCGESTION, LOGO, TITULO, LEMA) values (14, 'SCG I5TXWH522UFB0NCP5B9JO3Q3QGHLFM3N0W3NCBWHBN831X', 'PV 70GGTUL7FHKXM0IF6W 1 PH6WQLD9KH6LJ63PJ2 XKM21MF', 'JVRUQTD62M7J8K5UGTQWLA7BA9GUCJ0ONRR2RK1MSAFTIQQV8M', 'GSO27B11A6CQW88RKTHJ25WWV8 1AI', 'U0XRFJ20 4OMP0SUIVVG3GII0OP0VYWM8 J9 CMKYWO0 1XNA8TKYSVFN9YRLY15H07W9I9FEG XKDIS7TWPHXOOA5FD9GX9QUXWSVQO5IHQOJC21OBJ 63 TVS3HVBXAS4CNALR6DMJ814LOCNHCY8GAI3WGRUEOMK1NQEELV68SFHS6VYR9O FYNVL4P36JQHL72JKRDBIM8XCQXLCXUAI6EYQ 9J5LYIDECDH4PNSK4W7QMF1AWWMHEPNB2KDUPOK1I3R8C6B5PQLPMPEYDHYKUTIXSG9EYD3GMW6X7B5MOP1C50R3TOY9FE6D3FFH4IQQQSV3SV1SOWDFXF8NUYDLFXDTOKUJ99 M Q8T23L5IEN17EQ40Q9QLEK3CWR4VB3GGLWCML6WV788URXR1BWY840PTAN 0R69C5V2IEXUL4TE3SBDJXXQ6TQSYMB A02RT1CIBYRFIYAYV63I8O6QTMK5KKU7UYFA4VUF63EUHDVJJYB', '9HCL VV2TKUUHDLEK557PEBBFTJB6IX DN0GEVWL7M3V4KVA72C9673 A7N2RKFLI0VDRGV7S1DH6KQBLBXXMJNETLHF87WFUIF4', '1Q3DK1M3DK4HUUKUHICAQUKN9OL28UWRW6SJVMU UYC91Y3KGPNU5GU0DYRC1RA3H7V1EQ25F7G KU62TH1T3PD02REWSLFNTRO6K7X1 WXKRNM5HAA648H1KPYSHPELOWHH1IFW2P2A61OC2O32X8W6QHNE73MTGMDSKKYQW93OG7Y0R61 BDOC3PQF87X470F62UCD');

insert into ENCABEZADO (IDENCABEZADO, DESCUNIVERSIDAD, DESCFACULTAD, DESCDEPARTAMENTO, DESCGESTION, LOGO, TITULO, LEMA) values (12, 'EXJO4HMSE44RRXTLSTWF2A6CGA8YSNNL A2LUYRKYBIUMNMJVP', 'QUJASR6A06NOP4WWVBFWDMED053I46IYV0OGD11F9UL J0ASJB', '8QEWVDONIQA6U0C8W70JF36W33NS89CV BKFNAR K71XI3U C0', 'UHLHGDJGUFDE80UBFW915L XIMO6VT', 'CVNTO1428ITJSBVNTI46MS4BUC 1W1MSO9PAK99N6QU24WFY096F6BNSU29L0T1304RBHHEGQ45CPARA6OBX7IRV0LMKXVKLGDIWN5AGCO2J7SBGB4SB2MXD1VCAWOUGUTNAIB5B3EU5F51Y0 OJ8F1XCYNECC0MLDP2LIJLPBNXEO75JN RD9DX2VNTSEJSUY62OVFJLGJX88J3VLNJ9YMKUPDN YEGCKFGK 79TXJF666QK9HKUXVQ3JSESPVWI4RKC QJ1UH2QFMPW69WA3M8VJOT7SP6FPB56K52PE6PIFTGRVKWSVTKUVSXFW15TC75F 47RQBI7547QX05U8R0CPS0S9FE25HTKWN6X2IYT28  W JYQ5OFB8NSPSC96 OAN5YJO9QC9DKFHW9XD5FQXKQ3GI51MJJE0G9JT U181KL9 QMQ9VKV6EIDBUSMVIVCSNNT LB58AN0FP3XGHXFC2 UF3JFNYTHUG4 IKPKBWFDB7', '3SMLL FNPED6VL3THKQGNF UFXYRMLJ64 VST5E9F3XUF5FCPG1BJOHIYB6997KW6AB4SSTXQRCKRN0P1E7FEURG0Y RDV8CAWI4', '9B6IHXI8GEMND EAT5BSY0JYO5L2MDSDQJEV8FSYQYA46RYERJCPY35N86Q4GNY4GQO5UINURGAO21O DOSOYHSAV9LA TVQ7OX NJDCDMVYJNB1UBFJURXOBLVTQFY5I6VB3CMQ546S6Y0FYD1BO4GHWE57EM32H57BSBF08Q7DTWBP5N7DN5M5LXV9W2H0WFJIJDB0');

insert into ENCABEZADO (IDENCABEZADO, DESCUNIVERSIDAD, DESCFACULTAD, DESCDEPARTAMENTO, DESCGESTION, LOGO, TITULO, LEMA) values (17, 'WVJMAEM7T3H018OEBSOE0XYB51FXNB4AEF8SMTMTQCNHMWGKGY', '0YNQ4WMBLWH5PCDEBLI WDSECH4J6 Q3YDWA65B8157223WBUQ', 'KSG 7QISL3USUQL17R6EULTR5GD4XQ6IL0HIJ5UNHJ4 DHKKNB', 'JEIIQ2WLLQ18D749ATI0 63TK8 IQW', 'JK2FF 7HMQDGX9CIJVNQWQOLVO2AG5MJBUUPDXWLPG59BEE5HEMDNFKSO6N7V588YGY3OODOPY4KN4737KP2MI2L6AO2H4Y65LY4YOJB6R49MSYSHC38QH2PHQ56S HJO2U5HF8CUVC GQU278I3KTA3YTGKVLFPK4 A5E4UOTD65DX HC0NE0F02CE1JTBDYL5EJ6U8NP81B55UI73O2O2 FO786OKJ5UK6UBX614CL7HFBN NR6DNUUNIJY2IGKRS2 FTO68JLQWIAGB 8XQKP9QB2K2CPUQUCH5SXLO0MGW4XLDT85F4XTS2UFN92RQ5 I55H OF N1SQXV8NE4I7PDLJMXAO88ITY4046 TT6W3GH2R7UITFEE6OT DXB85EBTGY6UN0M3D3DPCDCD2VFHFJFXEHAAP4Q FC52RA4A  Y4BCCH51KME8HY3BIG731FSWC F2K44PN4E80NWPNGLMN85LJB39P BMAFBMHCX544QT', '0NN2PHKUHF8URPOHBYXHHIQHMNNC24VP428T GDJG9XKVLYKIKK5WMPU 3DLV8S0XTC6 TIPNIBD1FAWDRMTFY3LGABHOJJGEB5V', 'F6X3DV6AK3IC314T3HH17 U67YCO905B8B5QWT A MD5JK2IOC8XI28OIO0U1599SYO8P9HOT74YNXXYCWCJ4K2CKKVD4DA1VX3V78U65U298YMQOHXUJBAQSN4UWPEK 619XAO9QKCT9WF4 K0 FM6A9YV6XO1K6MX8LHY9XF0OXN4A7JHGJBD6OL6KYH7J875V3G27');

insert into ENCABEZADO (IDENCABEZADO, DESCUNIVERSIDAD, DESCFACULTAD, DESCDEPARTAMENTO, DESCGESTION, LOGO, TITULO, LEMA) values (13, 'SJE1CJ2MG6U9PACAQ4BH5E81IMW9OYCRAF5IF7V V3C968GPMB', 'IW9UQW 0BBWP7QH3TJ30Q5QHY2F28I4LC1IU9W43O0RDUS1OPT', 'KSWVFBCV8 58C GB8NEK6LLK249EDTA 6BJ7FYEXADNAS0PEW7', 'SI0L TML7B1KNOV7CORDPOAR EH80P', '5P2XR2VAA 5X327BVGONKTIY0OFG5YWO7J9235IODIK11CTSBSIIY3GV0VK3O4T8B10R V6 K1T0CBKWHV9YEN20XR6QSJUL95SXX  77W598QJPHOB2YJMOX50EQPTRFTXRMPF28HTC1U721516X8T3TXPDXOUEY2OQVUD594W97HFKMCKVNTS40 V7X J1IW8LOO6RL9F6EWIL8A32QT1IN8XQGPVYKEND52I05BBKF05DN1KYVEGRHNA4EG984MWELFJRJRE796FS8Q  X5E4X77QSFHPXQUBGLRP 4E5YAUN0H5WWBLO2XW9T9R0AVBXB24AFX PTTBFOHSQ1J5AMVFOU6PIB80GYSYPEQNIAQ6FMXLRM2MI 5T9BXBHL0HBB91145WFWK4RT12K6O S7TYIYR2TIFA9FJG0GT3NFCA8W2Q2COKA02O8JJQB2UT9J5T8 DGLRM8K8CWCXV50P1OJ1JMHVHEM0731TI61XIV4S5VV', 'PRLQ513LKHX2F7HMXAYQAWU73EARNF7GSL59A89AE70XD1XHVC9LS3PTF85W LI8LIM9H0AE5XKM3X54GWXPHJ20LF36RQG93VCW', 'UJ25GKR2WW72VT1CFMXGTP5QKX MGDT 5 ETCLW4D5WTI MJK7YKJJN7ASM5VWF57YSL53GXGU71QB39RI1 BOTU3V6FP8H72LXMN4TQRIOD SPUDRTXHD88E8LPF419E5FCS4OHHSROSV8BF5U1IDSR7 UJQVIBIVRIL471IAS5YNRLKYK63 VN9BPPE9P5F1E3CQ X');

insert into ENCABEZADO (IDENCABEZADO, DESCUNIVERSIDAD, DESCFACULTAD, DESCDEPARTAMENTO, DESCGESTION, LOGO, TITULO, LEMA) values (1, 'MQ72CL79MH3HF14CLI09UHSPERJG0XBA0K9PMDRKL7XUXI6U9P', '7OOXHU5CIBCDEQQP OTIQ3CCXPOCMMKETI4XG Q3Y7EQBGW8XW', '4QNKLD2HYL5BNW1KL2CTSBDTQ1H VWP88MK8PN0S5S GI T4HE', 'X11HV0QDM2IBMV2S233T 8N9FCESMO', 'WMWNC LSMOAN9Q8XFCMLU DY5NK46VTCDUDRK3YOIBVX5 I0GP7SKJ OR72KOWURLYJNQP726ER67K70Y 1C4XWRBWJ79MWE2WTET1P88EV1N BCYEOPB0X3HWIMIJXSB60WGHNOEAG GPNPKP45MLSR3003P3QS3S9RXE85MM58760266SQ6L284HESQS IB98G65JQXF3S3X0O8NIAQXA7O7GK67CC2QX6U7HRJARF2LA3EGGDRIWM4GD48XB HRQX60 UUD0PNO84EG9FCB6TW6RWTIBC0JIH40TXE97Y1UBU92 K7CE9LRL5GMPQ5OGE7SN5V6 D5RRO180SROOT 4BVCXPMKF71OV303UISG2TA F7S2C3M TQVB4IU4IUHGUN93GAY5IJLKNT2VGK0PR1QWY3HS6SN2APX0U9B3UYTAFI I4 PCKWT85IVQ9X8OXLA69Q3QU HYTBJ1J2MC9CA5KJP82GO7CI02LFE8AFEDFPM', 'CV2I34KJK4PYGTQY3HHD8F13NCTFXYLQLSU46AUD DMBDWEHEPY7LRRJCGTDD6II5AAGYU44MX96A1IPFGUOKW MSM1KEX5A3FHG', 'DN37BOVA3GCH019UXCXAEMV9SXLED1YJ9LSMY1GU10HE8W325C2PWTO0VWN09MH  V D2EWGYY5LWGYVOHQK5A5FNCNROOC626NS0WY47OF384TKS3BULXRGRNNSHVRTNBOFA8SLOMB6QV38IF6QU8CPG9KIPGAEK5V5MNXF06PEX5JRFVKRM57NOMALI6X79GX3SWD ');

insert into ENCABEZADO (IDENCABEZADO, DESCUNIVERSIDAD, DESCFACULTAD, DESCDEPARTAMENTO, DESCGESTION, LOGO, TITULO, LEMA) values (9, '8JXK69HP601A582E7XCT5YUORIL0ATTDNJRPYA5LWS63EPK9A8', 'VB5670GSX2J30O2A717FFJ9FN0WUU0GD7I69RRCUY3L2A02X5O', 'MHTVBJH6TK8T11LYVVM76DXXX8XMCBO4  TBA5NV0VOUY5XL08', 'P4RASEC5LXTLVQ953ESKKGR3EUBIVR', '4VJ 7HT15Y0VSG485BLVA6J F21KNDKU4CYCNC4SB8LM0TYXNKW4MWLGQ0FFYB6N18TIJIL1G9VEO2FLJUC408J7915JNG78HTHIW6T10 C0PPGSB RNK4RET2NU8IQKTE9PW3WU3AEI6OAV4SWNJ20YT49KDP9F CESVHA9G8B8DIP1R5GGB2HMC494VVQBM0XMA6WYIRDRN8Q7NXXKHOQW45TAR9EL UXGTG BB M1LGW2X3UWQ1R1K9Y55R0D19AQ879GMX47X965BKKJ P 4QIQYAQOICQU8ISTERPSRHBTPADCV9V60B2YCP3XO6SC1R44UTHHFBSLSWIEMQ6JCO1G7XAPCFXEE8O5BGFW7LDM9V0SQQVPHVNXPR9CPNRL0CE641PQFNBHQL0KGTPPOJ3Y84JKT3VDPPTXCKKJO D2L5KLCLWXU1M1L25KFLV2N2YJUP9QT9US16VQ6WB8RCIMQTMV4PGYC9EJ9S3P AJD132M2', 'OD411NHF05LBAKXNPECP WI7LLHEMSXY9FEOSUHMY63BAEERAUBH6XM99NEI5IIJ8LFTPEV683BYWTUJ5TEYRT8JAMOI67JITHKK', 'FWEKK1ERVQNOV80H 8K17A28V6GOT9HBV93SL18PRGGKNJU9MN249MJB56 MTL3DVSGI183SRF R5N6PIECCBIK2KFXW37CSP3YE48D 253VROXE63VJ7URV7WMS40U27S2D76W4N2LT1AEPUD2TT14WTL9TIEMDYH3QTRXQ2Q4TNM9RDU6J9043SK1S0B1T3UAYM615');

insert into ENCABEZADO (IDENCABEZADO, DESCUNIVERSIDAD, DESCFACULTAD, DESCDEPARTAMENTO, DESCGESTION, LOGO, TITULO, LEMA) values (7, 'V6GDWG 88I83DDJ4NWMPTNP741F8JV61OE69K8UMYTFQMAPVX5', 'QHJ WXJ5MT6GM8LR 04EHHA4WDFUSRGTF81P6VOKD 6 CV3B5W', 'FVA4VIO4YUNDQMGM 7SF3PMFSDO4QJHAH LQ66PRTB4B FX2PP', ' RLGFC68V0SYY89X1F 1JCTO49FBGU', 'P9VY430 R3GALA8HD8V1SFRM0V0BVD E4MGSOOGVG6P143Y3M4WCAK1FJP8F629TGR1AXN1AL1D9RM3GC8D7NWNE6F3NECX85N4DIEUB1COPOPL627FCRVJTC2W3GLDWRQIOQESFRC5TP374GCND8XO7M1IM 2RB30IOH2QAYQUVAPMDDC1KBKUGRE3WC6B800RKCYGVYV5WKCHFRIW3Y9PMOO8CFB2QLRECKJLF8IVQB0BXSP3SPKX5E  6UW 62WVT2EPIE17 XKIVR8SDR21P5VRDWD 5TH3JD5BX9BS1K1EJ30J91DF7BJCQG9SKD8DVPDSTSQN1XE8GGFFQ24GYEN0T514ME9DWWREI187YFP5GKFSR1 DG3DEX6BJTRB9LJYCOBBCI406ODJI7SNBI8HI8FMLUGMJLQPQA0Y97RFAHYPRLUVC6T8TMGLORO 3EDQKKPOMDO2CJJI6BDDFU E7RHW3VOOB9XUS04LH1X43SJ TI', 'QQP8LWHSQ9B6U VA79KK9  KF2Q VS4CYRDSFNRMIO6PK0027G8QFAX6PU5XX4ARO RITE6L7J9W6KY3N4B3M6020QD 5A7T9D2Y', 'KOC9GGOGA7FEU8L77U VJ9 4ILSUI6CH0IO G 4GS7WBYQRPRJ1E79MWPGOIE 8NYTLYS JANKMI50AWUT238TLJU6WBIFMCL9DISS96F2HI659WGSUV00Y4QLBW4UP1TI89W7158IB4WQ3IBN1Y3F4MUHP7P37X39C1TM01VQVCEWPDRO7W69YQBQRFUJ62MAO08YPF');

insert into ENCABEZADO (IDENCABEZADO, DESCUNIVERSIDAD, DESCFACULTAD, DESCDEPARTAMENTO, DESCGESTION, LOGO, TITULO, LEMA) values (2, 'U8 LTEP3N UOL6H4YCAWYGMGJ7YLWSRDDH9GT79EO1CNEGJRPA', 'HE72KNLRXE5E488MJBWO5FUFPQ7FDN6TLMOX1FSL2KC 5LEW7Y', 'PXF932F9TD2QJ98GNORIG3V4MVAY47JFC1T6VVHVE3O6HR9OH5', 'TBOAL6R 75040RC4HM78D2I7RW5HJE', '6 E62CV4B61S KX7IU6E68C37Q8IGS33PI33HWJXI5OD6 11 KHSUR14T6B620VS5T4SWI998K1R2V8ERVBLDTUMRPUL6CF28T3Q31JVA70FLMHM P9D4MGPQK7UTYD7GDJRYY7E6TI1U84VEXQ3KV F04OA6LT8VHTWL9M61B8N26W3GL2WESVHKOHLLJ70A38H9GGCNHUJPG208MKBF73G1MRMIIF52903CMSVH9X79O45H3C2NFWOPEGLLWS1B 9OEA6HNKXKIW3RL1I76A07HFJ0NJXUQD1E6LIMVD8PBQEXLK12B5K  7UNNT0IOI7QH64MMN50PCSH8SS7IY3MF62JOMHT9JODE8QHYFT7VEI3UVKKD3JMRYW  FA84N4D2FI3LRC95464G 29MK76I1UM16Q3L091U0Y1XQRE19SRRCVQ8WVBW3CCEFJHQVL 8R1Q1FX682R038JQ92OTSOTAS7U86IL0VY5DK1ODIDXMFVFA', 'H9IPED4UVJKK4XXR5O6U3MLR2PDCTUOEWMR2D2UOTC5P0VH1UU75C8YFFMI8DUMQLV6LTL81T9ELC885BI7DC2GBD7848WHXSPTE', 'TNRLUACYS3VH44PYX712D33A8C7N5L3P54IIL4PE16ES 71I4U2V6AU5E7QNNIK1P3LX62VPT835VA0I1L7XC1Q19R2  8VCUKC47FCM4N586K3QEFSK5VG2LTU KQ6COG0JKY0PKSPYCV7ULD1D U48VBL6XM2KYVSX7 8AE2QI1JK7QG1AEK8775UEUXJA3UPC9BNH');

insert into ENCABEZADO (IDENCABEZADO, DESCUNIVERSIDAD, DESCFACULTAD, DESCDEPARTAMENTO, DESCGESTION, LOGO, TITULO, LEMA) values (3, 'FK7BQ 0947QB8IHR31C5PIWCDXHNTU6XIWXKJ1824H9K3LFJ2U', 'RIERPDKKMHKM OX08SQS7WRDFA1AW8C647XNFUD2M8ES5MC4G5', '449EO0CN9RR66LEU448938V70XFKDLH7GPD6V4XY4FGJFU09WQ', '21HS2K1J8YRQHIAE2GDP4M9OHXBP85', 'WO69RIIY425096NAKF WXPR4UHK4ELVMKTC Y9K2G4G8X8 AAKR23NRREBATCR4DT4J67O2L 023T1UO580FR48YF86S8QACBPKP1G1V1VQM9YAGFVR98DLNC6NYMWFOWAKALGBH6FNJ4FAWJEDNJQ72SLKYTPHTN36EPFQ92WDF3WSK4CNG9IAPII88RNAFNVCAT90DI2ULCTJAVPSDP21BEFB105MHAWI02UP7J6H6URA6O1DTVTI0IEWBUT480 HE72DI931157MNNEG0A6N230GV35D9HHG2OVE7 5QVGS4C FEWALD6IEVADSVCG92CM85M5765O259093BRLE7B7HXVB LVQBGQ5U9FQB3CP3NBKQSBNHD5LYVGF DVUOCFPN IMLPND5 JJYO4D63WBG1MR3EP1YPRWKUDEUTGQI3IWT34A 5KKG5L2EKSCF2HVKB21A 8L729YQXU1CLA5WO62X4OAQQXQI U2IL5N79XHMV', 'IUUHB6YKDNIJLWOBXTCVOD6J6XSR9WMYFAMFG1C9EC EBBY34M9ES2U74EDUHAFYMUW 0Q1M 1QQS2D039BXT7L86BKJNOYFD1I4', 'LW7E2DX JRUG33PHCBWT5B K3GS20EG4QSWCCSC5CECCY3VDQR4SVX78OUVRX24X28LG0PCF9IFQ0RHWEJM08FEY85S9LTLBHSV0CJUCX8SLGRMW4NJHK174SK7RSK8JJ CMRA48PT39KCV0A9VFEILW AQOFVSLHFG7THY4LGWAXA6NXEIDC42A6LWQKQD96RIXA4FW');

insert into ENCABEZADO (IDENCABEZADO, DESCUNIVERSIDAD, DESCFACULTAD, DESCDEPARTAMENTO, DESCGESTION, LOGO, TITULO, LEMA) values (4, 'CFI3N6I50DUU3I92SBV9J  DXISMDPYR92YT70EJOXVD0HHSXH', 'C218GURB2NXC5IIF RGUEN3A79M6GJTWM6W 8VQBQJ2NILD4W6', 'BUIQ2F22ETGQHLNYX9A7GXRGNYBIN BQAL5F7ALNEVM1OY6L P', '0J0Q5RLEOK03OP6T3SSDJHC74RYC81', '9JVAWK8NHPXWQK27LC0KVGNI2XMEOTU1CR4SV09NUR7NQ4O9S85OAT4WA7RTTIDLIAPY5NFM57NIJ BPJ61957OFNBFE7DVPEJEJQSSLP77W0SAUA3YRFR6XWFIR8BW182 KQDV8MVPM7NBO411UD6R1CNTRJRE2XE2EEUL4LEVMACJ3R1GHAN4626 KWOOY228L569IWXEAK2HPM85YPX7JP8OM7LISTPV4KWKIMRT4LM5VOO1QAAH3L2DOJI0B2XE2F1PYE3L2 9VUPJYOTJSKRXIP40S4DE3XK65JJA37JTEI0 MU90BIS6D0C6SKWU2G2EWM0MK09OWPN9MMSKR81476QNDSHXFM4C8HGG867QXV9KJPNM5VG5510KCONG6R36 1675PPEJC76R B3Y9NN8Q1NU J66FIL8339BV6M19FEOOCG02V2EOS3H4XX8G1UL7S3N66W9EKKIAIPMQ3VIJFM9ECJ21HN1OL5XJI8EIY2FM', 'E8DTRY990H5R5YYAIRQWK420IXWM3VLKOJLCJWGKK C8UI14ARIVPY 5JYT3BXPTMPVXC6MYRY1MR9WS7A015CTQTO6QS9W5MRAM', 'AFOK4VWYQA958ND2DR2YGPL54NU81T3721S9YYSX21VU1FTP62MNGWDLJSKU4MWGXKIRFV0BYWYTWD0KXVQC4Y4Q9VTRR86WHF SNI4M241Q2U0QLKKW5 KGSOJCARPG2 CDWB65QXJI1S93QI4HEQYI90M38XMYKNKQL8H0WNUFCONAO6FGVDUCHNVXAYHWMVKGBRU2');

insert into ENCABEZADO (IDENCABEZADO, DESCUNIVERSIDAD, DESCFACULTAD, DESCDEPARTAMENTO, DESCGESTION, LOGO, TITULO, LEMA) values (15, 'AD2N1DIVBPCDP9XVTEOOWTGFR GL7AURY1Y1OHB5FXBVEEJFNJ', 'L3KUTKJNNPEWP2IIUCUIKULFDE 31K8L37F4G836 D4UE25098', ' KCGPJTI AAI7W4QLT 3 T8F32RM7FIV1YG87A8HSJ8210RSJY', 'R2J SNX4W7N2W7P555AHV5LEM4R12C', 'PCFHUJBBBLLUVX9KWBYNC0V0061YI9HP0GJBFMH9XQ9AB CRCO2 M530SU8 ULNXNMF1PNLXVGIB2NRL63NEP6581SDK9ISV X077944XMXC9WSBUF9BEOFL46AHMIQGK1K461FY3MKIMQPHY3V0AB9EKO7BJ43V26T HNTSFEVSL7NX91YGKRX41JRE8WJKC0VNMSIA8EMV6CMROQAG2PKLFF TLEIBES8UT5KFVO5B4BNDC84MBV8VONDJ59G5DAV0UH EYQ1DT6JFF02BG0VC  Q654OCLU2F7LQP7ND5942VC75NAYDNLSC8ENDJK8L439L6I MH5CWYODTKCIHQ0WWXGLOLUVKW9CBUWWN0U3M72NXSPJWSUQFBGMNNAOKC7PI3K1R5BKQDGQQR6W7BW6F79K65R0JV09QIWLL383MKSRWS6JW22PT5B75TFWTMGXF2DA9UW K59JHXVFC4FAUKRDBMIS8I OXWND959LRQ89X ', 'AMIIJU3GP17I CAJLEH751CMEIINQSUQNN85G5DFN816038VXRAVX2L65TE4NYCWV3AJSBLNPRWKCMPR5M0R7Q529VP8RDN LHM4', '9M6WSHGRC18JQP78YH0 ALANG54CUVI 26PS8QBRAKDQBYH7SCNM65FB  YK1515ARH3SHB9RAH93 G3Q69M4GNSTXOG OHUISH6NC 1OR5NO3DH9XAWFT5Q5KTRV2701OKO7E7PKMTRW7TTGJ2RJ6KMUGSD2F2FS JHYC8KNFWNOOU622UR2WVOHAYL5GBPA53SNBUR');

/*==============================================================*/
/* Generate test data for the table "Direccion".                */
/*==============================================================*/
insert into DIRECCION (IDDIRECCION, _IDUSUARIO, _NOMDIRECCION) values (10, 7, 'P3S8CT03S1LFQMBME00KL8WC11I0A3CIPBXRMKQSYYNQJMDKOMBNYKKWIIDJ');

insert into DIRECCION (IDDIRECCION, _IDUSUARIO, _NOMDIRECCION) values (17, 13, 'L3S3T8XXA9HY9 MKVLLJ6QPVSKPPCO3V8WM3JLTW03U NM9Y 6HEHUVB5HVC');

insert into DIRECCION (IDDIRECCION, _IDUSUARIO, _NOMDIRECCION) values (18, 16, '08MF7LS2JN0P3BCM7WQNQYCDB  UOJHO6JCDAB3TM8C3K7DW4DK9NMGVLRJ4');

insert into DIRECCION (IDDIRECCION, _IDUSUARIO, _NOMDIRECCION) values (14, 10, 'O2 VNE OR9AFRN1K24A1T5R4WU0MB8HJ6CKBD6Q2PNXA3RRFWCBOTUNECD3O');

insert into DIRECCION (IDDIRECCION, _IDUSUARIO, _NOMDIRECCION) values (8, 12, 'R26CRSHSHR63QOM1W0KT09KMTM2YHXOB8EEHQQR79L927OQMMBWL0A21N64J');

insert into DIRECCION (IDDIRECCION, _IDUSUARIO, _NOMDIRECCION) values (12, 13, 'HCM39Y9Q1MFV4ME23WO9T4MF7USBDPGM4ESWJYCOAXCDOAD 1ONGAG0QHFK5');

insert into DIRECCION (IDDIRECCION, _IDUSUARIO, _NOMDIRECCION) values (15, 4, '4 2GVYTUV5MMP3DHNOEFCFT XSQRGH6J8AC2WWCD9UIN7M6DXA2VXHAVT7VH');

insert into DIRECCION (IDDIRECCION, _IDUSUARIO, _NOMDIRECCION) values (16, 18, 'CLAP5F2BX4W7UUQPE4EFM8DHGBYJ4BYQ2AG7KRIRFLV9XIJGH3KAW3RB5CRJ');

insert into DIRECCION (IDDIRECCION, _IDUSUARIO, _NOMDIRECCION) values (19, 7, '97T0555V849UHAMVYPHBB72Y4123X3GTSISQUURS3 COT6DJKVLKH2ANUPHF');

insert into DIRECCION (IDDIRECCION, _IDUSUARIO, _NOMDIRECCION) values (13, 3, 'D3QJCGKYY KCA868VB94HY985CGWQCNLQU76TQ9N29T71CN9PSCPOFB25QPJ');

insert into DIRECCION (IDDIRECCION, _IDUSUARIO, _NOMDIRECCION) values (3, 13, 'NNNSWYBH6LFHBEJASC 80NKO6A0P1 3LKXXUE2JILSYXJ4SV3RTH63SQ93WG');

insert into DIRECCION (IDDIRECCION, _IDUSUARIO, _NOMDIRECCION) values (11, 20, 'XULHMXAGFS5IDN7889GEON8187RTBX3HN43T5014UTC500VFKKDPFLOTU975');

insert into DIRECCION (IDDIRECCION, _IDUSUARIO, _NOMDIRECCION) values (6, 5, 'WC QPNBKL1T27VB9485CBX9VFQ0DEEM9OIGW78YWLEQBMN10H7JKY7R7TQK7');

insert into DIRECCION (IDDIRECCION, _IDUSUARIO, _NOMDIRECCION) values (2, 5, 'UYKYJ3QHXTNBW09OYYHT1D2HK9ECYRYGV6E9HAHPCBTLHC9ROLHFVP08 3N8');

insert into DIRECCION (IDDIRECCION, _IDUSUARIO, _NOMDIRECCION) values (9, 9, 'EKB4RCFLQSSOJNWTDC1WXDRT9O7SKMU1SC4YIVUKKW369T6AVKA9I619LBTU');

insert into DIRECCION (IDDIRECCION, _IDUSUARIO, _NOMDIRECCION) values (4, 15, 'XPFUGXBL45WR9920K1 4SPHB0OYFAP4N69M782C8BRLC23BDPX1IXLTHEL7T');

insert into DIRECCION (IDDIRECCION, _IDUSUARIO, _NOMDIRECCION) values (7, 15, 'Y4B6YWLG1F2MIQHIIUJTN7G01YM7XIDWMDCAPJSCRGED4UE NG3I7UQHLK I');

insert into DIRECCION (IDDIRECCION, _IDUSUARIO, _NOMDIRECCION) values (1, 9, 'VRP H5A0K2NWI4NUB 4SRFQEQR66AMG47NEQWQM68KGIJYH6WYA69RN7C 3J');

insert into DIRECCION (IDDIRECCION, _IDUSUARIO, _NOMDIRECCION) values (5, 6, 'WYVMLMM3BX7E6YFR710CBOHPP2FESILBGUKA90C7E1C3ECOJ3WR0O259TD1B');

insert into DIRECCION (IDDIRECCION, _IDUSUARIO, _NOMDIRECCION) values (20, 2, 'GFSL25A96CIMYWQEPR81XONPQ4OWHCW EUMN184FW1X2WXGBFC1QK  OWSD3');

/*==============================================================*/
/* Generate test data for the table "CargaHorariaUnidad".       */
/*==============================================================*/
insert into CARGAHORARIAUNIDAD (_ID_CARGAHORARIAUNIDAD, HORASACADEMICAS, DURACIONSEMANAS) values (8, 9, 11);

insert into CARGAHORARIAUNIDAD (_ID_CARGAHORARIAUNIDAD, HORASACADEMICAS, DURACIONSEMANAS) values (9, 13, 1);

insert into CARGAHORARIAUNIDAD (_ID_CARGAHORARIAUNIDAD, HORASACADEMICAS, DURACIONSEMANAS) values (1, 18, 12);

insert into CARGAHORARIAUNIDAD (_ID_CARGAHORARIAUNIDAD, HORASACADEMICAS, DURACIONSEMANAS) values (14, 8, 10);

insert into CARGAHORARIAUNIDAD (_ID_CARGAHORARIAUNIDAD, HORASACADEMICAS, DURACIONSEMANAS) values (12, 2, 3);

insert into CARGAHORARIAUNIDAD (_ID_CARGAHORARIAUNIDAD, HORASACADEMICAS, DURACIONSEMANAS) values (19, 11, 19);

insert into CARGAHORARIAUNIDAD (_ID_CARGAHORARIAUNIDAD, HORASACADEMICAS, DURACIONSEMANAS) values (11, 10, 18);

insert into CARGAHORARIAUNIDAD (_ID_CARGAHORARIAUNIDAD, HORASACADEMICAS, DURACIONSEMANAS) values (2, 1, 2);

insert into CARGAHORARIAUNIDAD (_ID_CARGAHORARIAUNIDAD, HORASACADEMICAS, DURACIONSEMANAS) values (20, 20, 15);

insert into CARGAHORARIAUNIDAD (_ID_CARGAHORARIAUNIDAD, HORASACADEMICAS, DURACIONSEMANAS) values (16, 14, 7);

insert into CARGAHORARIAUNIDAD (_ID_CARGAHORARIAUNIDAD, HORASACADEMICAS, DURACIONSEMANAS) values (13, 16, 4);

insert into CARGAHORARIAUNIDAD (_ID_CARGAHORARIAUNIDAD, HORASACADEMICAS, DURACIONSEMANAS) values (18, 5, 16);

insert into CARGAHORARIAUNIDAD (_ID_CARGAHORARIAUNIDAD, HORASACADEMICAS, DURACIONSEMANAS) values (3, 3, 6);

insert into CARGAHORARIAUNIDAD (_ID_CARGAHORARIAUNIDAD, HORASACADEMICAS, DURACIONSEMANAS) values (15, 17, 9);

insert into CARGAHORARIAUNIDAD (_ID_CARGAHORARIAUNIDAD, HORASACADEMICAS, DURACIONSEMANAS) values (17, 6, 20);

insert into CARGAHORARIAUNIDAD (_ID_CARGAHORARIAUNIDAD, HORASACADEMICAS, DURACIONSEMANAS) values (7, 15, 14);

insert into CARGAHORARIAUNIDAD (_ID_CARGAHORARIAUNIDAD, HORASACADEMICAS, DURACIONSEMANAS) values (10, 7, 13);

insert into CARGAHORARIAUNIDAD (_ID_CARGAHORARIAUNIDAD, HORASACADEMICAS, DURACIONSEMANAS) values (4, 12, 5);

insert into CARGAHORARIAUNIDAD (_ID_CARGAHORARIAUNIDAD, HORASACADEMICAS, DURACIONSEMANAS) values (6, 4, 17);

insert into CARGAHORARIAUNIDAD (_ID_CARGAHORARIAUNIDAD, HORASACADEMICAS, DURACIONSEMANAS) values (5, 19, 8);

/*==============================================================*/
/* Generate test data for the table "docenteMateria".           */
/*==============================================================*/
insert into DOCENTEMATERIA (_IDUSUARIO, _CODIGOMATERIA, _GRUPO) values (20, '5V981H8BRQXG XBJJOXI71A0 TFAGV', 16);

insert into DOCENTEMATERIA (_IDUSUARIO, _CODIGOMATERIA, _GRUPO) values (1, 'WYQFTCEV2DV8LU79DCQGHGAMO4ODOP', 19);

insert into DOCENTEMATERIA (_IDUSUARIO, _CODIGOMATERIA, _GRUPO) values (8, '2EYX K1 6Y45XQR4B53B07QNPOWP5 ', 11);

insert into DOCENTEMATERIA (_IDUSUARIO, _CODIGOMATERIA, _GRUPO) values (18, 'DUA12H6JIWDYTKE35G2KPY7MR 88A0', 20);

insert into DOCENTEMATERIA (_IDUSUARIO, _CODIGOMATERIA, _GRUPO) values (6, 'XHDE31WXQIX1HLC6R2Q6RX9D6C1D5N', 1);

insert into DOCENTEMATERIA (_IDUSUARIO, _CODIGOMATERIA, _GRUPO) values (11, 'YYHITC1XU71IFFLXS9LASR61MCUU9 ', 15);

insert into DOCENTEMATERIA (_IDUSUARIO, _CODIGOMATERIA, _GRUPO) values (14, 'AQS2DR1O8R5XIJAAAGVOEDTUP5BB5J', 12);

insert into DOCENTEMATERIA (_IDUSUARIO, _CODIGOMATERIA, _GRUPO) values (9, 'E5 MGM6PRN8YTCLG71O250SQN86UTD', 2);

insert into DOCENTEMATERIA (_IDUSUARIO, _CODIGOMATERIA, _GRUPO) values (12, '2TPA5YEHITXM8CLES205E20GETEU15', 4);

insert into DOCENTEMATERIA (_IDUSUARIO, _CODIGOMATERIA, _GRUPO) values (3, '89MUR06QW6 ES4V42NM0XDN5KWUWFT', 8);

insert into DOCENTEMATERIA (_IDUSUARIO, _CODIGOMATERIA, _GRUPO) values (16, '7IIDTTD31DXXAPVSDYKCNXFI5GQTV5', 5);

insert into DOCENTEMATERIA (_IDUSUARIO, _CODIGOMATERIA, _GRUPO) values (2, 'FD5RFSQQNH6OBJ4VYJGV7DGB9K5H7G', 9);

insert into DOCENTEMATERIA (_IDUSUARIO, _CODIGOMATERIA, _GRUPO) values (4, '5PCYV5G8HL 7MUNJ8 5AECV9MJGQD6', 6);

insert into DOCENTEMATERIA (_IDUSUARIO, _CODIGOMATERIA, _GRUPO) values (5, 'FKGJD5XCV2781JWK93C T9 797TYAA', 7);

insert into DOCENTEMATERIA (_IDUSUARIO, _CODIGOMATERIA, _GRUPO) values (15, '6UNPJL0MCDTA0FRW4TC1APMPKQV3QR', 18);

insert into DOCENTEMATERIA (_IDUSUARIO, _CODIGOMATERIA, _GRUPO) values (10, 'EQD9Y 7O3CQQ2N5TERU2RTV G30LWF', 13);

insert into DOCENTEMATERIA (_IDUSUARIO, _CODIGOMATERIA, _GRUPO) values (19, '23NOCI48CIOA8ABFS0HW769KYHJ2OT', 14);

insert into DOCENTEMATERIA (_IDUSUARIO, _CODIGOMATERIA, _GRUPO) values (7, 'ECK 7WY7RWSQ3OHAYO8IS5WDB3ERDE', 10);

insert into DOCENTEMATERIA (_IDUSUARIO, _CODIGOMATERIA, _GRUPO) values (13, 'HY5Q CGCP982FV UOG60RNDI3C6T6C', 17);

insert into DOCENTEMATERIA (_IDUSUARIO, _CODIGOMATERIA, _GRUPO) values (17, 'Q0XVS14264H2QK8E9CJU QOSN6J4YV', 3);

/*==============================================================*/
/* Generate test data for the table "unidad".                   */
/*==============================================================*/
insert into UNIDAD (IDUNIDAD, _ID_CARGAHORARIAUNIDAD, _CODIGOMATERIA, NROUNIDAD, NOMUNIDAD, OBJETIVOUNIDAD) values (2, 2, 'FD5RFSQQNH6OBJ4VYJGV7DGB9K5H7G', 'JTT XI8E0OSC41WD2HK2EC2I4NQJ6O', 'I8NV0O2IFDYVXO363SHAREYDPPRJI3BQ8W51FTMG19GKKVPUC ', 'SRW4H 6X I42GQSHG72E93YN4FJXPX5G5U9EVXJQGHWAX1PFT8VIRUDUUAME AFECVOVQBS C24L3SSYVOX90F7Y6ET400WYSSKI');

insert into UNIDAD (IDUNIDAD, _ID_CARGAHORARIAUNIDAD, _CODIGOMATERIA, NROUNIDAD, NOMUNIDAD, OBJETIVOUNIDAD) values (6, 6, 'DUA12H6JIWDYTKE35G2KPY7MR 88A0', '5WUOG0R8VIC5W645EGDND62G6JQVVI', 'Y1 6GX4F83E4OEQKJ2T7 F54SVCYXPS34AYY2QYDB0T HY1EI2', 'DK5AXSAM4MI3V05ADYEJOCJWKY8JJK8L9H652AVDEPNLRPAHC38YIQ8UMIFAE8XM JWSA761FOF14911O EAL95B9NX6QSTHBNQ9');

insert into UNIDAD (IDUNIDAD, _ID_CARGAHORARIAUNIDAD, _CODIGOMATERIA, NROUNIDAD, NOMUNIDAD, OBJETIVOUNIDAD) values (11, 3, '5PCYV5G8HL 7MUNJ8 5AECV9MJGQD6', '79ITQXFCN4K7XMYN G5IPYXLC005DU', '3AYD41SFL0UWEGAFTMF83BYNTN3H4VWPMEX89FIB6V3I2NVB3U', 'S6H6XRJQ5A E6D0HFKI0RSKXLCX96BHAFYVLPOYUQBNCVIM87EFUI L1RY6COICJP8GCSO68G FXW44 QHV24QNUJRHE0T0BTR6U');

insert into UNIDAD (IDUNIDAD, _ID_CARGAHORARIAUNIDAD, _CODIGOMATERIA, NROUNIDAD, NOMUNIDAD, OBJETIVOUNIDAD) values (20, 15, 'WYQFTCEV2DV8LU79DCQGHGAMO4ODOP', 'B5MMUHWPLPN0XRDF1RVN6OVBQXPW7O', 'QX8A8XYTK5SQS53J03R 5A974OLLIFQ2XE0MHA31K3R B4NKW ', 'AM2MIXNELKV0IMR5B3UC XLELAGSIDWOJSUFQTHDENLCPMYXXPKGSO5JYJ6VBVEU017XNE4RYRFS3A4G2NRSA7RDUO 9C4DHAS75');

insert into UNIDAD (IDUNIDAD, _ID_CARGAHORARIAUNIDAD, _CODIGOMATERIA, NROUNIDAD, NOMUNIDAD, OBJETIVOUNIDAD) values (1, 8, 'E5 MGM6PRN8YTCLG71O250SQN86UTD', '87BVD1QO8P7KKTJMGKKCMKFDT6RJ90', 'OP0IGCWNNEYP1IK60X2QKMHJQXUTU40 1SNQTK4KUK4OS7UUN3', 'SFMMCSQOBS67OQ416W4STQ7OMD6N61IQCAS61IIVYFGFN6QAARB4IG9A4VKGO1SSMSCBHFJTIQGDUWMGLYHH9G N9WO4MX789CF ');

insert into UNIDAD (IDUNIDAD, _ID_CARGAHORARIAUNIDAD, _CODIGOMATERIA, NROUNIDAD, NOMUNIDAD, OBJETIVOUNIDAD) values (15, 4, 'ECK 7WY7RWSQ3OHAYO8IS5WDB3ERDE', 'BRP5KW5SHIQ3Y6WEXK3FH PXQCLGEM', 'MR3MAP85U0MLD7RSP9RR4QPS2D4XN3BBTFTXNUQJ 0B5OSMI V', '6BR4EPEMNYUGLE6FP8X7UIOEW02GKD2CPHF6OEE4OYX2C1WSIX597QMBQ41IFA4XXR773VH KYSQNS PK4 WGPH7DMBAGKHHRL93');

insert into UNIDAD (IDUNIDAD, _ID_CARGAHORARIAUNIDAD, _CODIGOMATERIA, NROUNIDAD, NOMUNIDAD, OBJETIVOUNIDAD) values (19, 14, '2EYX K1 6Y45XQR4B53B07QNPOWP5 ', '5UJ722XDIN4JJY0V0NW7SM9LIQN7YX', '2RWDL21CL9II90L996XAK81OQSBXC1HW212UWPEP6JLUMX0EDR', '19KQ8MRRWNQLWYAXAH6O9GDHVPV1CU0MIOI2O5K66NC4Q67019HL005JN9WYXZGB8B0147DU9UV9DXEKQ824DB0OAT5TYYUFJCSX');

insert into UNIDAD (IDUNIDAD, _ID_CARGAHORARIAUNIDAD, _CODIGOMATERIA, NROUNIDAD, NOMUNIDAD, OBJETIVOUNIDAD) values (13, 2, '6UNPJL0MCDTA0FRW4TC1APMPKQV3QR', 'B6HNXQV6C6K68SYO0FRLP2R 0GB6HX', '1B2N1B17ATLSA8BXYHT9P28XSSJ38GHXNBDI1UR 8PUDP9XJJN', 'U2NEGBD8C VQ3KKPAUOW1X2I BX3G0BCEGF6V6QMAL1JFKG3TMB0Q9 8R3U5ML44EO0F7KQ81LRPPH6967HKYG7E6U38DCJGNL73');

insert into UNIDAD (IDUNIDAD, _ID_CARGAHORARIAUNIDAD, _CODIGOMATERIA, NROUNIDAD, NOMUNIDAD, OBJETIVOUNIDAD) values (17, 3, '5V981H8BRQXG XBJJOXI71A0 TFAGV', ' R3W3 PEBB17MK HSLYDVXTGT49 IK', 'GMOKKCK4 SMMDM0OKSCOWEJVLR6XBQEQWV4XCG1MTLRK6O4TOS', 'SO43KB8RLM1IRQ5YU7VS9PNSOMUQ5K4XNPJN M51EBAF4SOA983D99V06S7N FDFGVHJLWIM3 0TXJUHPBTGIPGW48R9FOXXIIEO');

insert into UNIDAD (IDUNIDAD, _ID_CARGAHORARIAUNIDAD, _CODIGOMATERIA, NROUNIDAD, NOMUNIDAD, OBJETIVOUNIDAD) values (4, 7, 'ECK 7WY7RWSQ3OHAYO8IS5WDB3ERDE', 'B7P4JYTMN22OM C9A8M9LK00IUO2CK', 'ETVJ4L54AND6T72F3C5S33UC8JHLJ5K1ROG9O7S0SHDBRHT0QL', 'T4TF9 AV2OU9C8YNJPM6ICGSX76JUUNB9PX26R2YJF82YSAS0JWGWL6T2JX229GXNN2 SS6SHI261UK RXA1KGS5LOD7H30AXH F');

insert into UNIDAD (IDUNIDAD, _ID_CARGAHORARIAUNIDAD, _CODIGOMATERIA, NROUNIDAD, NOMUNIDAD, OBJETIVOUNIDAD) values (12, 6, '7IIDTTD31DXXAPVSDYKCNXFI5GQTV5', ' DYT9RNN3FIUY01WXQWU7N6OF7W29C', 'YJ5ER8XA9PJ71E6BT9G3M6MWYDQ4WLCX8TCE8NT3V41GUYK9MY', 'OKDC99ONP9CPS661EGXWF63E1RCH5APE2LBVBGYAQY6N74AC04AIK34TBOGTJMQOVHMXBG1PKWGRC2VNL1CMA2VIMB6YHMYSMSQA');

insert into UNIDAD (IDUNIDAD, _ID_CARGAHORARIAUNIDAD, _CODIGOMATERIA, NROUNIDAD, NOMUNIDAD, OBJETIVOUNIDAD) values (18, 14, '6UNPJL0MCDTA0FRW4TC1APMPKQV3QR', 'VHC36N0YSY2AW7 NN0AJKGFA943V15', 'GNQOS 8C1L0FG7QEG1PA2S4RKHK4 LTJ8A4WKCO1KHO1OQOXX8', '04L990ICMYIE1TI8X867V4CTGXO5K403EWM6MDMXP57TU36J098HMOLI8PNUJ6SQKOLD0YVCBNDYAJK38CQO3IJLLPWS1L9UQXBK');

insert into UNIDAD (IDUNIDAD, _ID_CARGAHORARIAUNIDAD, _CODIGOMATERIA, NROUNIDAD, NOMUNIDAD, OBJETIVOUNIDAD) values (3, 11, 'FD5RFSQQNH6OBJ4VYJGV7DGB9K5H7G', 'O YPT9N1EJSQI3AS9D9815XFCBW3MH', 'M5XQ7BEUQKNYV03GMEB17YVEE9SDQQUYCHVTO6E5RAWGK5XO15', 'HUCODVTK5TTOF8OX76PRK41OB5HDDP19T5YD VSAYPYDL6J4ICG2BRX 5IIJ1HFSB M1E6VFVY0LU06X6L5S5XWY1I7VFDJ71J2O');

insert into UNIDAD (IDUNIDAD, _ID_CARGAHORARIAUNIDAD, _CODIGOMATERIA, NROUNIDAD, NOMUNIDAD, OBJETIVOUNIDAD) values (9, 19, 'YYHITC1XU71IFFLXS9LASR61MCUU9 ', 'YG3K31BFYG3TULVS4N4J28D7GG6AIM', 'KR3I4XJ6RLU1X82UJFLM211GAS6JBG290O3T8RE7N9JRM3Y1NI', 'YV55PDSXJ1TU2NYKJGQM4YG5HXUCOY I9J0EXQ3C4352P7194QKT8OYG7A6VKIX0 ACVPYM27M9OA0F0NMX4TKB4S5V6PGE10UE2');

insert into UNIDAD (IDUNIDAD, _ID_CARGAHORARIAUNIDAD, _CODIGOMATERIA, NROUNIDAD, NOMUNIDAD, OBJETIVOUNIDAD) values (7, 10, '7IIDTTD31DXXAPVSDYKCNXFI5GQTV5', '9HHLX851D7JSUPLX8DP  2OH5AMIAE', 'COO6ROH4BHIC9AII9RPK7 SWLN L186LR4 83OB914EX5X1I41', 'TWXJLIMFLT093KRX H3RLNKHQ1SMCDU7OHIJ684Y4GPPJJHDHERC5IDR0LE55LPDENR51R1M1Q7E80TES9N030RRFHE9RSIFQE0P');

insert into UNIDAD (IDUNIDAD, _ID_CARGAHORARIAUNIDAD, _CODIGOMATERIA, NROUNIDAD, NOMUNIDAD, OBJETIVOUNIDAD) values (16, 10, '5PCYV5G8HL 7MUNJ8 5AECV9MJGQD6', 'VGYCFHOMG176S3NM3VCUCDHC27Y0QU', 'P10GJI97PTAR6M1JK02LTESCIS57RFN43YVUHL8P6YKBW6TBK7', 'HM3K3I7LL1 RY2 AAXO2O2YUOQ3X3QFSUUDPRP8U65IYQV VOKEX0S15KQRAKO6CP1ES58S PGE8IPOUERNIC2LM5O6OVC9ITA3A');

insert into UNIDAD (IDUNIDAD, _ID_CARGAHORARIAUNIDAD, _CODIGOMATERIA, NROUNIDAD, NOMUNIDAD, OBJETIVOUNIDAD) values (5, 18, '7IIDTTD31DXXAPVSDYKCNXFI5GQTV5', '89969LFA2YQ6P10QKGQEL73NEANFY3', 'OS3DEU1NKG K5AB3NND7I9F3LUPB4KSNSVHH63V3L97SCKL87P', '12852K3ODN2IRWKOADF1GXH3DUMR 9SHT5URAMC5 V1H7XN447AGKE67493V937FLKTHJBD9PICNB7U8P4U6RJ5LSTDSUIG 2B9B');

insert into UNIDAD (IDUNIDAD, _ID_CARGAHORARIAUNIDAD, _CODIGOMATERIA, NROUNIDAD, NOMUNIDAD, OBJETIVOUNIDAD) values (10, 20, '6UNPJL0MCDTA0FRW4TC1APMPKQV3QR', '2YN5A4ES5HWV1DDGEFVPD81K1WMF9Y', '2 LP5H3L6NF8P55TFMQBIWDI1GEQN981M1DNOCM20BK0HLGTK6', '7USFMQQ4VRHBLOLUGBPJRO6W1R4RNI4GRYMUCRRES2CB1H0B8AL3140QDL45D9DHVYAG8TY756J2X5GRTFX59CD5HBUBXPS6CLM1');

insert into UNIDAD (IDUNIDAD, _ID_CARGAHORARIAUNIDAD, _CODIGOMATERIA, NROUNIDAD, NOMUNIDAD, OBJETIVOUNIDAD) values (14, 9, '89MUR06QW6 ES4V42NM0XDN5KWUWFT', ' 7PNEQ1EAI1T8OXBD4130E8VF05J9R', '7J3SYC9GUF00E 803J0VO12YSEVTBCO21LII96U8O1QE8893FL', 'A8QI5NN4QD7O3C9CQPLC6R1AQ13O59V55AFM7LNUOSER55I3HHYQF9UQQGWAGRN24C84ULVDL6506F2M42O0BQV8M6RPHK2W6QAU');

insert into UNIDAD (IDUNIDAD, _ID_CARGAHORARIAUNIDAD, _CODIGOMATERIA, NROUNIDAD, NOMUNIDAD, OBJETIVOUNIDAD) values (8, 18, 'ECK 7WY7RWSQ3OHAYO8IS5WDB3ERDE', '3CL3S0GAWXGDIC63CGJUYXI00M5N97', 'S9SA9D5697GBKLUMORHNF1219MULIOD3PNYGL5LINLTQ3HFQOV', 'RU4MY9FRIEMXWTS56L33PI4VPKJIVWOYT0L9 U5LPREQS6BGETWD1PB0P9XLK8AT1BUTFQ2BFOXMEL6HKU2Y66KK9LIK39 5KJWJ');

/*==============================================================*/
/* Generate test data for the table "subtitulosUnidad".         */
/*==============================================================*/
insert into SUBTITULOSUNIDAD (_IDSUBITULO, IDUNIDAD, NOMSUBTITULO) values (10, 20, 'OKDC1 J1R6T8ESDJC5G0I R7H7SMTJPKEL75H KDPNNOMP9KKUUG0HUHASA2S LVOBVMBG');

insert into SUBTITULOSUNIDAD (_IDSUBITULO, IDUNIDAD, NOMSUBTITULO) values (18, 7, '6KVU A1PWNWODUUW CVKJ8YP7KRCWJKIFWQPEQ3SGIA4UWYESAWUU95DQ47 EM7JF63W2L');

insert into SUBTITULOSUNIDAD (_IDSUBITULO, IDUNIDAD, NOMSUBTITULO) values (3, 20, '288G1GREAI FDQAC5 KM4F8O44HQ9VVL7PPDWPA6N0GAT2IMMP9PWLUK292FVWAFL0IK N');

insert into SUBTITULOSUNIDAD (_IDSUBITULO, IDUNIDAD, NOMSUBTITULO) values (4, 19, '82S0823GVD52JGE7E3Q4SM1YJTBCF WX0WCSJEGCDS8W9KWPN6P7GA7XFJA4D1KWSNS1PG');

insert into SUBTITULOSUNIDAD (_IDSUBITULO, IDUNIDAD, NOMSUBTITULO) values (16, 19, 'LYO799E81D1QHAYVACEFC3GODQA7NN9YL73XHI66V9PQFFEBJLNA98YF2D J8UU6 XKB5A');

insert into SUBTITULOSUNIDAD (_IDSUBITULO, IDUNIDAD, NOMSUBTITULO) values (6, 4, 'XNW8D3WX16PTYYNT8ATIXNT1BWNLRQDI3HYVGW2G9HVYRE4EVT8OVKJ1MEVKWL4DCYEK15');

insert into SUBTITULOSUNIDAD (_IDSUBITULO, IDUNIDAD, NOMSUBTITULO) values (14, 15, '2VMUJQ6H4UM4A57DIVWJEYYCDDHWUIUXXDTCNN 60ACSD  4OUGQCNIGXAGRGO8DJFRMIY');

insert into SUBTITULOSUNIDAD (_IDSUBITULO, IDUNIDAD, NOMSUBTITULO) values (7, 10, 'KI3310A2XYWLQU8AUFJ4DFPQ9KSRGUUP0GK0XF9YE01YCB0BTST9ICH9MQED3RTS23HXD9');

insert into SUBTITULOSUNIDAD (_IDSUBITULO, IDUNIDAD, NOMSUBTITULO) values (13, 2, 'W4FIQ304 0 5B9AH5KN11M JYR4HV5U96QOMLIPSYBM2J0BCDODQ71N0727RN7 PLRGM5V');

insert into SUBTITULOSUNIDAD (_IDSUBITULO, IDUNIDAD, NOMSUBTITULO) values (12, 20, 'GB03J6RQ90CHG2FJQFWV12MVODX TSS7HARVA5BU20KN6B081NV5 LHATNGWCFUT8S512O');

insert into SUBTITULOSUNIDAD (_IDSUBITULO, IDUNIDAD, NOMSUBTITULO) values (19, 14, 'C2SG LJUAKJ17N0IVSKDSTEVK87GJOQIXGL XH60E9CGJVT3C28Y VWI1C3FQRQC29WR6C');

insert into SUBTITULOSUNIDAD (_IDSUBITULO, IDUNIDAD, NOMSUBTITULO) values (15, 17, '5D8HWD94EV9F8O0NS72TRWEFD929PCACG1VOFJ4VUK P48R0U3CF0QQGSDF 832W56XCCS');

insert into SUBTITULOSUNIDAD (_IDSUBITULO, IDUNIDAD, NOMSUBTITULO) values (1, 3, 'VEJT4EGAKT NX 0NKL37A05KPJPSNXOBCJ7PM4OPXPFGIHXLELDWI3I Y97T84MQPW6F7R');

insert into SUBTITULOSUNIDAD (_IDSUBITULO, IDUNIDAD, NOMSUBTITULO) values (17, 16, 'F S63YTAY 5X9MU8I1YYCESVJAMYI5MGE1HFISB KT5W5LXSFX77JKAFXQ1UV3GOLERGWJ');

insert into SUBTITULOSUNIDAD (_IDSUBITULO, IDUNIDAD, NOMSUBTITULO) values (8, 10, 'HHBM2M00BATGQFTGOCFBGJLI7403R36SPX E3XI6GMAWTTW7QEVUOTOOATXO2WU98TEQRH');

insert into SUBTITULOSUNIDAD (_IDSUBITULO, IDUNIDAD, NOMSUBTITULO) values (20, 15, '0DRYN39A407Q8PX6QW12O9M72M8UNQYPFWGOWF7NI1OONPV 4INEVHT6QLS1Y03SG5QJ4Q');

insert into SUBTITULOSUNIDAD (_IDSUBITULO, IDUNIDAD, NOMSUBTITULO) values (9, 2, '9EQKQVC9KARXBP5GFPBXUPNRVQBGOHLHET4VRBUBF0AH03DWLIYFDE9OHB BBUSM 1O746');

insert into SUBTITULOSUNIDAD (_IDSUBITULO, IDUNIDAD, NOMSUBTITULO) values (2, 1, 'OBCSYNPYL1 1HW30G H224I48MTX X3 MAM1PWA1XMIMC6RN2FVCTD26QI34DFSIKPV03Q');

insert into SUBTITULOSUNIDAD (_IDSUBITULO, IDUNIDAD, NOMSUBTITULO) values (5, 7, 'GAQWN8P6YQ2A 74LP45UG1T3BSMO8PFNW GP5PAR8 MFMMLA2DJOVXVBL7YR5XI87MRF9O');

insert into SUBTITULOSUNIDAD (_IDSUBITULO, IDUNIDAD, NOMSUBTITULO) values (11, 17, 'LXYE16 7F3MK4NSRULJC 2J7 2U2FVMINMH7RENGIKUPAV0BNDW589PW0S6DEH7D9U2 DK');

/*==============================================================*/
/* Generate test data for the table "contenidoSubtitulo".       */
/*==============================================================*/
insert into CONTENIDOSUBTITULO (_IDSUBITULO, NROCONTENIDO, NOMCONTENIDO) values (10, 6, '42NYH8T LSXK3JEN3YSQSO QC 8TAVPSNC56GJ7 EIIJB8W3L39CQOJENUPG');

insert into CONTENIDOSUBTITULO (_IDSUBITULO, NROCONTENIDO, NOMCONTENIDO) values (18, 9, 'K8JV22RQM1VGI1I 3KKIPMOVR9V7WPI RA69SCE1TC7PDC7AEP7Q7MYUCAJT');

insert into CONTENIDOSUBTITULO (_IDSUBITULO, NROCONTENIDO, NOMCONTENIDO) values (3, 3, 'B4CEYW2OTBXU3NVQ1GS4ID0FFAU728HOVMV3GL5NW527MO2GAECIOQM DS22');

insert into CONTENIDOSUBTITULO (_IDSUBITULO, NROCONTENIDO, NOMCONTENIDO) values (4, 12, 'O2012QMNN9PIC1HEQMBEF9VMHJ1KQB8W39VW523Y5HI958P Y9K1L7A2J3O6');

insert into CONTENIDOSUBTITULO (_IDSUBITULO, NROCONTENIDO, NOMCONTENIDO) values (16, 5, 'V6UFFV92 AL5O9NU0 8VWX5JFBEMP6EKQLANVHP331FQ46PV8LD7DFUVASXC');

insert into CONTENIDOSUBTITULO (_IDSUBITULO, NROCONTENIDO, NOMCONTENIDO) values (6, 17, 'W5F8 WXVU45BN RFJBKQSDHED3UR8UHO9UEKYFYNUH0XJWM84CLPBON5 VOQ');

insert into CONTENIDOSUBTITULO (_IDSUBITULO, NROCONTENIDO, NOMCONTENIDO) values (14, 7, 'VPM83ODLJJITKP1S8H2G9FKQ3W1HI4D3LOSYULT8FONJXGFMWKYOF7NK2HLN');

insert into CONTENIDOSUBTITULO (_IDSUBITULO, NROCONTENIDO, NOMCONTENIDO) values (7, 1, 'DVAYC0A221L4U8A8V QXCY2QC CTUU875J86R2D2J XPPPBKL00X0H4STHPR');

insert into CONTENIDOSUBTITULO (_IDSUBITULO, NROCONTENIDO, NOMCONTENIDO) values (13, 19, 'NHS L7DF588Q60K8NLGIFUMO11R9T 2IGWW3LCC3GUX425JOVEECTAE07JFU');

insert into CONTENIDOSUBTITULO (_IDSUBITULO, NROCONTENIDO, NOMCONTENIDO) values (12, 4, 'JB80RN8Y835FAEEKDYCTAOPLFPJJYXMJ8UDWUBB9P28EXBKQHLW8F1V31XOM');

insert into CONTENIDOSUBTITULO (_IDSUBITULO, NROCONTENIDO, NOMCONTENIDO) values (19, 10, 'E5MLCF3MKHKXDCDU925H PI9J48XLEUG89NJJIEGHTB7SOT8W7V1HGT2GJ4H');

insert into CONTENIDOSUBTITULO (_IDSUBITULO, NROCONTENIDO, NOMCONTENIDO) values (15, 18, 'F0A3AR6MVCQJMG3HA74YB8GOEBHHGQDE1MC91ANBPSA RO6MQP59LNT WFRA');

insert into CONTENIDOSUBTITULO (_IDSUBITULO, NROCONTENIDO, NOMCONTENIDO) values (1, 15, 'QT3TXSBRCJFMFLJJW UGKN5V BNEBXDE2XAFB4OJJ0C6DYDRKYMSKUR7L5A7');

insert into CONTENIDOSUBTITULO (_IDSUBITULO, NROCONTENIDO, NOMCONTENIDO) values (17, 8, '4QY9CME7MR8EH67T3H4008UQPR0F76YYW7H43KRDBD8WRJOSBCHE2GTO3BCH');

insert into CONTENIDOSUBTITULO (_IDSUBITULO, NROCONTENIDO, NOMCONTENIDO) values (8, 13, '6GUFFCEYIELG469DMOEJUAKU9ARAY K3K1YTNLHMHU39UWFYY5TTPKW1SGQI');

insert into CONTENIDOSUBTITULO (_IDSUBITULO, NROCONTENIDO, NOMCONTENIDO) values (20, 2, 'QRYS508FM  NGM9VHS5IALEN0WEGHQSJ 64U8IL K1HGNI3N8O9RUNEC5MEC');

insert into CONTENIDOSUBTITULO (_IDSUBITULO, NROCONTENIDO, NOMCONTENIDO) values (9, 16, 'SUSXGB6BWQQFXU34UAF9CV25G 2IJLMQXOLF1QL4STD 7 7MJS3MB97XNBI0');

insert into CONTENIDOSUBTITULO (_IDSUBITULO, NROCONTENIDO, NOMCONTENIDO) values (2, 20, 'T59GM0Y4QL6UA0364MONTVPXQ7R4MDS0S6T3EQFDRI9WCKCSKEQOJEVPEM7K');

insert into CONTENIDOSUBTITULO (_IDSUBITULO, NROCONTENIDO, NOMCONTENIDO) values (5, 14, '5YTYD691CRMSHQHINSJWII303B4O8 GSQTFJN1 F80XAEX NIYYV4OSNLLTY');

insert into CONTENIDOSUBTITULO (_IDSUBITULO, NROCONTENIDO, NOMCONTENIDO) values (11, 11, 'CAR7JUERWAQ7HGR37E82WGUDS6BGS59UY0UYCVDXJXN463BNOV4BFO99YTI1');

/*==============================================================*/
/* Generate test data for the table "planDeEstudio".            */
/*==============================================================*/
insert into PLANDEESTUDIO (_CODIGOPE, IDCARRERA, _3) values ('I84OSARQL93JWT0IGJKF0FFO4KDIKBGXNYBIREESQIT8JMUOJG', 1, 3);

insert into PLANDEESTUDIO (_CODIGOPE, IDCARRERA, _3) values ('T8P5K8T2NPA2YMM AERS95U3DRNYDUD7V3498AI 3TVBTFK3S5', 14, 2);

insert into PLANDEESTUDIO (_CODIGOPE, IDCARRERA, _3) values ('N UNO8FERF2XCKGXQJ53Q2USVH75B4KTI61XJ5KNL6QNOF9X3G', 10, 10);

insert into PLANDEESTUDIO (_CODIGOPE, IDCARRERA, _3) values ('CNN2WP5FOEBY9QJ 2FE38A UOG2OWM1WCS3P80MK6JOIEL2LNA', 9, 11);

insert into PLANDEESTUDIO (_CODIGOPE, IDCARRERA, _3) values (' CVEYNIN17VSGB 3JUOHCW1R6PG8LQVKJ8QDPBBAM JFHOLX59', 2, 14);

insert into PLANDEESTUDIO (_CODIGOPE, IDCARRERA, _3) values ('Y1MW2Y9JQWUO8Y232TJ4K7M07XBKVGOVR1ULGV XJ2K6N16CXO', 12, 8);

insert into PLANDEESTUDIO (_CODIGOPE, IDCARRERA, _3) values ('YS4YF93VDYWLMIN KJQ13 0GSKD35CE4MQB04TC68G82263QIU', 10, 20);

insert into PLANDEESTUDIO (_CODIGOPE, IDCARRERA, _3) values ('XP Q85MN6AXKCNAQTHFQZ0K7QDRRGFK3FXQ96FEV6H3HL1X6PD', 15, 4);

insert into PLANDEESTUDIO (_CODIGOPE, IDCARRERA, _3) values ('P3VUASRS5B0GSG1L0PPXI2VBWKXBN1IE13XEEF1DATYIBLYA78', 18, 9);

insert into PLANDEESTUDIO (_CODIGOPE, IDCARRERA, _3) values ('MILQ7A9FYTRP432UUQ2SPYXBDKIQSGC NCDTJKQJ86M7VQ5LA3', 2, 17);

insert into PLANDEESTUDIO (_CODIGOPE, IDCARRERA, _3) values ('N5B5GXAVWMKA37CUTTL7IL78V GECJT4N8SDXQLX3IPQS49S R', 16, 13);

insert into PLANDEESTUDIO (_CODIGOPE, IDCARRERA, _3) values ('I0I587751 8YVOPDIT0W4LY91JF1R528WI7WLIJ85375UVMD8F', 20, 15);

insert into PLANDEESTUDIO (_CODIGOPE, IDCARRERA, _3) values ('2LJXG5U9N978HBO3UJGWWCQ77E06DM4Y51IBP2P7R4TMSM8V7R', 19, 19);

insert into PLANDEESTUDIO (_CODIGOPE, IDCARRERA, _3) values ('VEI33GU4J92 QWWGLEYEPHQ P4MBCSUDV9QP1WGPH5 W2MN455', 18, 16);

insert into PLANDEESTUDIO (_CODIGOPE, IDCARRERA, _3) values ('P4BY5AXVW47IW4A42TP9YIW3JAJ6DBLRINDABFFBL7EK5T S7P', 8, 6);

insert into PLANDEESTUDIO (_CODIGOPE, IDCARRERA, _3) values ('N3Y1NNDPVGPF5Q405X4V15WCW53CMF 3VROQJO53C3YSYUHOB2', 4, 1);

insert into PLANDEESTUDIO (_CODIGOPE, IDCARRERA, _3) values ('75KB3T5DUKTHDAQC35A9U1II3S45NS RRRM4PGX06E3LJ30RPS', 11, 12);

insert into PLANDEESTUDIO (_CODIGOPE, IDCARRERA, _3) values ('HTGMDYOUK0SUMQPAT1CKGOJRVSQWWNS9P09GED1G62C05MKALX', 15, 18);

insert into PLANDEESTUDIO (_CODIGOPE, IDCARRERA, _3) values ('T2CR0NHCGJ1I75CTKNDL03R6UXTPLFDW1CNFC25RBGDKI4QGXX', 12, 7);

insert into PLANDEESTUDIO (_CODIGOPE, IDCARRERA, _3) values ('K598 JXSD5NBEB5CSNY20W1MCTUT5H0FKEYIGOHAWU7OWUDIL4', 20, 5);

/*==============================================================*/
/* Generate test data for the table "email".                    */
/*==============================================================*/
insert into EMAIL (_IDEMAIL, _IDUSUARIO, _EMAIL, _TIPOCUENTA) values (14, 3, 'YDFIUROSIY27GGON9FTTYE7P7H8T7WR4JK8UCNC BKXWYQ8DC5', 'HD8JY7I437PLR52VX8HQP3YRVQDSBE66PQD3CJTCB01MBTXU6J');

insert into EMAIL (_IDEMAIL, _IDUSUARIO, _EMAIL, _TIPOCUENTA) values (5, 10, 'T4TBAVAPUG6V21PWRFP A7GUH84Y72W QTDWASMHNWGF1TX9MP', 'TP3XDM1RJMEN2 N93MVO1PK88JPNV76IE7X626U7RCG6QP11G5');

insert into EMAIL (_IDEMAIL, _IDUSUARIO, _EMAIL, _TIPOCUENTA) values (6, 1, 'W6NAQQ72UO73A657P1MHEKMFL62FG6H06R4FOTN0BLF4MLRN8V', 'G17AV6NHPCVAGW6N7681HJVWT5VN4IAH4XOBRKH97J9F VW5X7');

insert into EMAIL (_IDEMAIL, _IDUSUARIO, _EMAIL, _TIPOCUENTA) values (19, 14, '7EKDU6GW3BAVYK1DV9OACQ JK9TQ9BLOIEVYC62IMA76TJBWOV', 'C1SOCYVOBBPL60UK188HMB3VK8C11F3E561XIR1TCC2JKTO28K');

insert into EMAIL (_IDEMAIL, _IDUSUARIO, _EMAIL, _TIPOCUENTA) values (4, 8, 'T3VPMIW1KRCAQUKOS09DW2MKULQ 2ARP1QVB8O6ECJQMVYUXMY', 'WFSSBQMDMEVVTVOL30I8QGFK32LMPFE1VCIESJKSGAIK4LAJB1');

insert into EMAIL (_IDEMAIL, _IDUSUARIO, _EMAIL, _TIPOCUENTA) values (7, 12, 'OOKUPRIAIUOQYKYEYW5CQNEJ96JQG6GSSS27VYE3W0SILR3 TN', '70GFAV688S1M0JSK1LKKTHYKR66EJINJ9COH0F7L7ESHT1TSFF');

insert into EMAIL (_IDEMAIL, _IDUSUARIO, _EMAIL, _TIPOCUENTA) values (10, 10, '5BAQBIPKAOLVRAFO2MUNRMRKHW4N5WSF4WFUINUODINHVRMTXV', 'L01NTF9345C2HG42 9XGN1135PTSO5IN X7M9GFD5HT U31TWA');

insert into EMAIL (_IDEMAIL, _IDUSUARIO, _EMAIL, _TIPOCUENTA) values (12, 5, 'RWWKCXEIYO09 S0C4LM8UKC389HTY6GG12AMV8SSP8DVDPKMUX', 'LFHV09B C2K8XNSDKX1PGMG0G669 S11 W7U9VJU EAX2H47O6');

insert into EMAIL (_IDEMAIL, _IDUSUARIO, _EMAIL, _TIPOCUENTA) values (1, 7, '8TG2XJAJQ6D7IVDAX5QT W4D8TYLUSK2QGKX32A4MBS7AS10J2', 'ELB7B9 QJ2TT2V6MV1LN1RKF4N5T59A86YQ5 NDVI21HL1PG01');

insert into EMAIL (_IDEMAIL, _IDUSUARIO, _EMAIL, _TIPOCUENTA) values (3, 19, '7TN5FMHUNR73TSA  T55A6TA7IA1T5P0QFO3FTOEJE8 M4TVMB', 'OU549YX42119K2O091SGX 591YBP8HSRXG65IY1JM5 UUSTE88');

insert into EMAIL (_IDEMAIL, _IDUSUARIO, _EMAIL, _TIPOCUENTA) values (16, 18, 'N9TATVP8AL01PAOLAAG99ILNUXLN06FUF7 FYFBG9LGCOSJ9 L', '2Y8L4 Y2  UWSJK4G20JCGBT8HROX8QN694EK1PBCTS176K5FY');

insert into EMAIL (_IDEMAIL, _IDUSUARIO, _EMAIL, _TIPOCUENTA) values (20, 15, 'CNEYXJ8QT8EQCSMTD09045LBJ8H5P9HYH212OYT7X78VDGN46U', 'R 9VHD3OA5 VMXIFQA5K V64NHQSPGGT1QR56TSQNVG9LCKDH8');

insert into EMAIL (_IDEMAIL, _IDUSUARIO, _EMAIL, _TIPOCUENTA) values (18, 1, 'LB87T877SKRBUHT0WVWRED5CLRI05C23LRUEWXT73073FFQFJ4', '489JAPAUKYJM1IDCC3ARQXBJBN1SQY1E8YSRK8UYINDXMVLL X');

insert into EMAIL (_IDEMAIL, _IDUSUARIO, _EMAIL, _TIPOCUENTA) values (2, 6, 'UQXG4QB2UK5T8EMC3GX5EKK L4T89L84OGRR4Y 7F4U1GSXP8Y', 'GI8E223P8WKXF5R7NPUDRUT9CBRLVDA740Q8 JUH5VJ VXIQM4');

insert into EMAIL (_IDEMAIL, _IDUSUARIO, _EMAIL, _TIPOCUENTA) values (15, 16, 'DUG18QKUXGW82WMJGTWX27DKSNYOF8IE 2 SX4QNVUOIW4 EW8', '2KPNCJCAYAJQ9 IVLDE55JLL9OWDUSCG6APMEQ14SJBWLNLDCP');

insert into EMAIL (_IDEMAIL, _IDUSUARIO, _EMAIL, _TIPOCUENTA) values (17, 1, 'S0OTUQTHLWXW67Q2KC6OQS6B6XD2 F8TJ TB0B INPXCKQX7BP', 'YB5P3OBHC9M 7S4V AXEWOVP68C26FF0JJHA1ABSBL8CCVXI36');

insert into EMAIL (_IDEMAIL, _IDUSUARIO, _EMAIL, _TIPOCUENTA) values (11, 15, 'CLBFIVHGXR0WVKL08S2YPV1PRV0551T8KQ4NXR9ERSE0JLTNFV', 'AJ4IV5B99FTLEYBIB1IBWV7FNAP4MDV4GLSSF3ANIDT4S6T3D1');

insert into EMAIL (_IDEMAIL, _IDUSUARIO, _EMAIL, _TIPOCUENTA) values (13, 14, 'A7LT5 JFVM78AORJ GPBMKUHJT85LWRWXGLTX03NK6AOC9M7NP', 'G9RYN1CO2L9IF0WDND8QV9UYBW65Q9VTKAN3LUBSW  U5YM2AR');

insert into EMAIL (_IDEMAIL, _IDUSUARIO, _EMAIL, _TIPOCUENTA) values (8, 18, 'G3B2 RUA7OX59U93YFSL4TJSQD9KOJX7 PKIO7RE1RA6TDNC5G', '1363HN8G6A37NABA9CAE27HPV9P67C45L5K9A971FV97YSXOEL');

insert into EMAIL (_IDEMAIL, _IDUSUARIO, _EMAIL, _TIPOCUENTA) values (9, 2, 'R11T89BHRK40POG13UB4SWJ5O63RGCYSD12A5EYC4O0QUPB28G', 'Y CJRXOTI30X47SEMQQJEGR8B4IYO06QJ8G89IV8V0L0AJV4P3');

/*==============================================================*/
/* Generate test data for the table "planGlobal".               */
/*==============================================================*/
insert into PLANGLOBAL (_IDPLANGLOBAL, _CODIGOMATERIA, IDENCABEZADO, INDICEPLANGLOBAL, _OBJETIIVOSGENERALES, OBJETIVOSESPECIFICOS, PROPOSITOS, JUSTIFICACION) values (19, 'HY5Q CGCP982FV UOG60RNDI3C6T6C', 16, 'WFL0V0Y35HLL91H1J1LDJMW54SUBH835LJ0HAH2CP801AE6GOG704G3 QUPFT29FXULB TB0SCJCBAJWGNBO5GKBQBL4WR917LU93UKPM97M3TKMDGNB3AP81QCBEQ1535TCM O1TJKH2QBU5UL7A7YRSQAAN3PWH3458CLG8WPXLETKUYY2U4RTJ38PVIAAI4TJFPBBX79BOV7TS231OPJ80TMQ EWAO5KVHGRXDICH7VJFKOYMF4UR9YBSRTP', 'Q52ETPRRO36POAW3WLNWA U8YGOUFD S72N3FKQ2IGLBU2TT 0WE8KDOV2X45YA3DS4G1AN 1XULM7C2Q1MB22SK5EEGDQQWAKWG3P7P0L50UCLMUN7Y6BXNTNR6IU35E27N4LDKPSLOF40IO8P76YWTFFF6XCFWTD3AMMF0YC E829V0L2NJO342RM5292D30996BVO2IXL8KD 7WWHUY7TC2BADEMXDTC4D8KEYUSCE0LA5QQMQ867D6CJBL2', 'XNOMHAR7PE2ITPLM2XW803E45XEHMU5M1KY638IRECNGQSJJBKP8BVYPAH3AJ91RA564L6AHXLTB22E6U10MQPCL5DEHLCIA0J4K270SC8IE8N1BMLC460K3W9KJK2YDV20WC1NY0HADCDAK NP CXMG2YEE 2P4S8N3 598IS6CCN3IFSMRR5IUDF7B7M7KXODDGJVQSOSUYMBLUP9EQ3ADUUS2ANUMU7 GV KG U6SO1Y9C95DAT3YTGLP5Q6', '1CRXYNFA2TKKQF3A6BDIRNYQ 3HU293QW 1 AJ1FO BFN7QKXLSX0X0MWLMFCGVD8M1M I7D094545AYPTBAL QPJPGGHN9RQEQ55BWNX5PR5K4RV5PMIV2F0G17TY1OFJKDQF2KPABRIDJ42W6GMD 1M5TEI53QKGLGHVPDRJQ3Q9X78KKMKWJS 4V4IODJQQC VFU9UU915GP0KS6FPJQR0 SWJPQIR2YX7HJA1DSBUWBHIDVK7 N0WFON2X5', 'NDT0GDH87XTFRQ04J6302COBH7S5 ROD17X8WTKDH1HCDC57809SCT7L1S90OGNH5BMBK6BIVXI FQJKVN5EK47L GVD5 G8PWOEB11YHLBBCXC1903VWXWV E9JOUP4KM6DO5XFJFR151LQ9LX 9XG6VCIN5NVVPQMXU63THH2OL5900EWB4VXOOK0L31FJA2YKMVKEV9WJ1E6KQ N8NI9OIUM2QLMFNUJII27OFUCOIW5CSD5WNMCTPKNIW2O');

insert into PLANGLOBAL (_IDPLANGLOBAL, _CODIGOMATERIA, IDENCABEZADO, INDICEPLANGLOBAL, _OBJETIIVOSGENERALES, OBJETIVOSESPECIFICOS, PROPOSITOS, JUSTIFICACION) values (16, 'WYQFTCEV2DV8LU79DCQGHGAMO4ODOP', 7, 'OP5KWGQ0G7 PMSR191BYRJC81MSSUPEU9NBIO7720F0HCTKUXFS2S8V7LPS 63JKNR0MUBA1MA1GOJ 6340SHKYEVEHHK171ENPNA7124ARV1VAA9V16YAGG9UM92D4J 72XD348D9 LALJGSO4RS X00J4W9SJERJWAVVXS3APWM8C02UMNY JRA70J3OHW1352YCHVWR OP309AW3GSH4G6UHRW8KFXLY570FSCB6CLAHLLR8D4C6TORXREH2', '4A4O3TOL20FRFQKGGA4RKUVAVVA7HGIIM1MC05 BT6OS89ES7IG0JS30H019CCQGABGBF3BGWXFLT2KQHCLADC06UJIM1JRN4D48IDTVR8XPW81NCRQ6L6RV Q572O14A KL3OGVXOTDVXM72BH1C38H2CRPMDU62G3NOT6W5A6QQ94C03W GVBLCRNKMBEF MGFDMRSBNGK6G7CPPF ECS7CTH0K9TQMVSR0X LGXJKJQFOX8WQBDCHMXC3KV6', '38RWF7UFCL71HRB0PCJIEA00JWQHTF5NS6G1S75M8BRIOAJH7IO RD16VYAWBLTT9 KUGELAU7PBI4FFRT1S1XXUN6VUJV884AJAR2JNVJCOHTEWGI5O85E5H ER8AOISYWVEA0XUX7DMTG244NXS1PEV3YQKM AM6FOJYME77XO7AC2MHCCJBWU9JQA2FP7WD 7NOQBDKBG18D1OO88QIMSYM5KP30YTBNMRVB2KFC2ACL7W2FI Y5L5UQ5VQR', '2RB0PK3WFMEM2P78EVA040MFG1B5PDTMH6KN3RY1K8CQSEM IPLILXH5X9PFRIF6XO LCFG4IQVJFE22IAMVXEA16IQ60CHVI7W00 LAXAO BX12VAR ESD9V5RNXHER82UO6M2TFBQL7YTK3JLFR4Q2IQALIC70 QGU7B6WJL3E9C98I9V84A2PM4YC42LPL1JB TYUN3YY1LVPFVGX1YMGIHKOHNX1R23GPN1Y34QDH4VNY4FNFHGPH930ST7', '48Y2TOIUE2TTYOWTLR8W8L1Y3QJQ743RHPROAV28OSB70XMRTBNQXMNQN65Y6JGWOS5YIMM0TT0T979GTDBWGJBB TDS61X 6HKUV02OII1AV76CNWE14SY5WMM4V2AWNU PJTBQMD6RW8NNO3O9 FINGNW9KQDD34UCGGDHD2NO080NLAC0T9 5Y5PWGW22UR7VC0767F9 TUOE8Y85AOET1J35G 9KEBNWO8V1XEAYMB2XVQO0SQRSKCNH92V');

insert into PLANGLOBAL (_IDPLANGLOBAL, _CODIGOMATERIA, IDENCABEZADO, INDICEPLANGLOBAL, _OBJETIIVOSGENERALES, OBJETIVOSESPECIFICOS, PROPOSITOS, JUSTIFICACION) values (8, 'WYQFTCEV2DV8LU79DCQGHGAMO4ODOP', 4, 'DK0L L73RTWOTQPFF0IW22AVNOIU9T5X5YMGIH G3PR4J  26HK3QAT0RY WFOTR6Y 68P8658C7JNKCBWM 6R5208BY2 TT DXI5FLJ9KFWBDOVC OVNUC5A3WYG2801YKBSAIHUS57Y8BUSEYAYE82H2H3ER XXACNA97MBURE0QA56P1TGLE7JL0M98QR7WVR7TN95LYULR4E5FP9039PG R0Y3YEG94 PPN9TUL1EM7SBW2L2XYA7G9WUCV', '9S2N82KGNSRP5UBB6GDLOYTKX0YONIYDFEN07MHPMMBMHQJ8WDC55TMWBEFD7VC9YLL7UGL7EJCDKJPG6TUM6XQTPWAR6RTLVKE141V9543H5658P45JK44JER1IP091ER3OQDB6F9CUSA9OCT1PYSSD2CSQP1L46R6O7AY3WWERS7GQDHTGQYTCL92YXYPC 8T1R4T3O73Y9S6E7XDH2E9J46 2TJK3Y4L6JX151FUI3OWGM52VXG8V507FP86', 'AE0LJ5S Y0G4DI6OTSA6JDRFM0478CAFYOQ84LE0EQPWTP1X4UC 9DS59KKEGAF7PI2118GDTSE6C90CHDDE5SPI RLB2BMUEPVOKOINN13HFYYK5MY77XYG8HW4UE6VU B1GWW4DBOK4 KVJQS9XGQLIFF51 4EYXS1Y7ROIB7DXY881T0ODH15CAHWGT96N20VXHYVLN3W W683TWO4GP09NL G56NUUXTPU5 8U1EU7E54M4MCA9QX J6WLB', '8488415PL38 9 02U80 1O55QQ4N7M45J858P1EX3SADSB8 07VH8HV0 B2JOXU17IRJ559CV7ERNNGSYS8GY1HYV8E5E53VJ9ARW8F6DA062L59GR0JFWIMTEN2U0QAVT8MYKBE2WTRR5KVEUALE298ALN31RFKL9E2UU6LFTRV0PSRNMIM5WWQVKJ2J LO1OS4M3  0N3XO2MO4MDPJ69O1VP2EPF8P2T1VVIGD1FM3FO3RAV8W329E3TC9CY', 'BNH8FSIE3J6LCJNL6YGH9G653RBIVEYUPP5KVPWWBD J8FEQY912 9EPO2A9L517 YDTY94HM0A26YS  TLCPXEKC8A3FJFYD4BNY5IBRDQM3LRWY FQC1WUT9IQGFT4 4CAHP4KGL14CLV2DCY96T8TTHBF9GMUR8XHI6MHB453NWB1OSPDYDFNUG6WSYW6N0QIIID9TO3K6D0HAIH6TL4NC1QGE6ABG8M5AGA8DA44HJF1EX57A3N3RFSYU27');

insert into PLANGLOBAL (_IDPLANGLOBAL, _CODIGOMATERIA, IDENCABEZADO, INDICEPLANGLOBAL, _OBJETIIVOSGENERALES, OBJETIVOSESPECIFICOS, PROPOSITOS, JUSTIFICACION) values (5, '5PCYV5G8HL 7MUNJ8 5AECV9MJGQD6', 16, 'EDNDVG8Q7UAVPK1N5BGIWIHGDU7E0WDIYKB43N 9DSIAPU3C0U9PFUNH0F77AM1NVSG7I21CL80K0FB0KLELM2MJX1H4U IVPQ2N2XTVGR7QR5N3NDXE1P4XHVUTVJHKL65VY17K52D3C9FVQVQMFT4PP027RDXVDWKHGQFUJTR95NDD  M2M 6QBPUK32BPHR2F2V6 4PI4UMME7HCRPD3NL5QDJRHS3LCXDVI 2GLS85QKUAJ4VM6WLM8G05Q', 'MJEMVCGQ5L1I0 33OO8U417V6EQVQM2J4D9NCU01V8MKDBYCOQF35XBC6WKQ5ESQOF3U6DO503YYXDU60C7V9V5TJYU 7OSTB D G7496NY7F5X84E3L7 OLT51FVT4XXKRAJ9NOWMPC0F44D4VE24MVHCTBG2I7C 3M9B9LJ1EX8SXH2XESFX9ZWO JRC9S9AAAXWLEG4G13LK1BJRV7SK7BMHEYEEXBXI64B DVIEBX UI804BR 7 XUHTKRM', 'YIJUB7WUT B 8OQOXM K1MA2JWNHG86TROFB0SP8 IF6W5PK34MFM759AUYRWCCMJCM4MFMDNIF45HQEX6368Q0QIG31SRYHBM7F5MG1NMFOQEVB9EXJUID6CG6AJF7VTL3KLCHTIMIUP5K7PCJKMA51OL7PQWR4FD6986A2D9N27KPRFP7LXCOM M3T29P9656FG5XX2COYJXIEA4655KPYEDNEF2H6Q3TBTVUC2ODG55OGTBK6 AETPOLJVH ', 'H0916Q1DK3EHQ3GB3JX9K39QEKNT78QYCG3F2TVVKS5G656QFHR3DKOIM5V 7 2YEK63FC4594KN34 VGKY6F8QG5U U1R CWV6L2 W37RURQKQGBXJOMM9BRB45IAK6P JL01PGLG3RIEP NMHW1PHP1CE1NS9EDHP6E8GN7YBT 8HRVSNLX01 3OQVL4VP32 NLVIYL FHW27V0MSOONY9R209NKQIRCKK0TKFVE8J4JA5R9KDU7OIIE0690G', 'EV IR3J3OC8NUIRSE8TQKABYBA0CQ9DNOKOJ7L31XX36CO6XAV5HV6FQN5IHPALAC2X0WS84DAOFTQQCH99QCQG7HEXH9U2GOSPDQ5SYFE69WU36RBP0M36DA2JSDDV402767KHRIAYNUNQ9XUBY T4SG1U JMVXO6X6BBOJ3QQSE3Y2UIAG4WLQI4RTRTR6 9OCJ1OTNJG UMRODY0HEQR3X0C7KJWTEEHO TFUQCFQ000XFP65L2HH9C053UJ');

insert into PLANGLOBAL (_IDPLANGLOBAL, _CODIGOMATERIA, IDENCABEZADO, INDICEPLANGLOBAL, _OBJETIIVOSGENERALES, OBJETIVOSESPECIFICOS, PROPOSITOS, JUSTIFICACION) values (7, 'DUA12H6JIWDYTKE35G2KPY7MR 88A0', 4, 'K A0H5LYO8W0Q7LO80APQGX3MYEQVGDNCLRITDKCN1RLOV SKIFCI  YV RI047C5  A12Q 9PX2KIRVIQNRO429CN4RGAVAU WMFJMLOY83RJY3SRY8OPYVLKSN6G7D1YJPO598TAL9RG50WDEXAOY5 095D9HU3  PLG9HESX0F1FN5Y0XJ6WRLXW6HJKF7S8MF6P7X87QW5EDKIW6RJ7VAX8LC7V6BRGDM79RN0DPKU700T6KJ6Q R8Q4XDA', 'V0H2NWODXW0XXJV9NSMV9UFFMUC77NR8UUYCOQVCGLRWJ3X08VXIFLX6K0E3JJG863IYPII8DX7CD7NV3BSQ0M13ADKSA1Q972OOQG3W6P0D7TBA3SEDSU2E8PPYGC8KAV8E99S CP5DBEYG2W4D1P50XQVKM2E6TM86E0NPFLWRHQE2Y6OXLX6HY2IMU8FN8808O7FYYXS8308MO11ATQS3T8ADQ8C8 M8 8PPAJ7NJ VU78THYLQHN6N65FWW', 'IFFNF0IV I4FROL9V52ES7F9UFFLKM4GOAF6KWO9E7KGDW7RH52MFPEADMI64 8MU DRTIMOSJXV1QE1W972TN6TL2UR4HHJ1RKPJ0279N65U97EHN8IY88NG7FQRT4P ND8CP8BMAAK4R4JD43L4VNXN49CIR 2885G74XVGU9CHL6LH3MVV5W9OKBQ5BCV3TCDAWH57F5LTC 1LPRU2S5MVWQ0OM1VPBDW2TQV0R0BBQMS4PGUTNYE88J4F H', '4U3MUAFTTU1H1QRM8FYK75S1EIHDS3U4IJ05M8MSRYRTCWDGK1 A E3AGH8PMV 8HOV4CRTGNCGR3 LIB8L4ROB4WXKJFKWOOPHBP Y5NS3Q6H4UHC3CW37LTXF7A8JQGSOJR4JONPM4T27 TBW621Y517T2I4G4XQCGPNL7E616GKNSURBQ6YEO68PAPOOW1 CK62PAFYD2V QMX0S EHVIL161SETMJMLE 4XX EOU4EC65YRX9G79HCAAY1X', 'GAJPF76PKXR6N7H97 5TR23F23MGXW3PC6K  C 4GR7HJCOXM M5SPF3S2ALV454FH87U1J0SX4HCTL6XFEQUY2O5ROQIH8D9RAJQGJHF0QJ6JOYJDKEPPF7CU0CJ5 T3KAHHC5GUQACB0S0HV789GBH82H8SVGISHQS2XUM9TVT485TI18OM7 3B54I9W2FW41GOYJHH0I67QFO  KD1J0EQTWJ32P7O4IUNRM8122YAKOOXWX8UHHJDWOYLNM');

insert into PLANGLOBAL (_IDPLANGLOBAL, _CODIGOMATERIA, IDENCABEZADO, INDICEPLANGLOBAL, _OBJETIIVOSGENERALES, OBJETIVOSESPECIFICOS, PROPOSITOS, JUSTIFICACION) values (18, 'YYHITC1XU71IFFLXS9LASR61MCUU9 ', 20, 'O6WSSWJ2VN8I449IR370WROY1GRXDMB9RBYCNADVNSNN1ISK7APKVLUTDL2FX HSR09EL41VNMLVI0W4EP 33GKUQ6CT8YECFDS44X0UUM59F5AERDDS14X191IPMNV0W78TRM 4KX 0LQQ940VY5K50JQ3SELQBN8WQVCRHKII9PV80P75XQ3MSJL8QQG2EOTS9OI9B14O8FWWI77H009V2LRT8O92VB7HPFTMIKA76AI06L4TL5XM H6B48B4', 'WKJRWQVUXRTJMLDFINRKJAWHROODIMHO6HPSQCCXQC0VMUWW0WY4RXNTKXJG5IM CAOSARAV7X0CS8B1Q3I7KWTAXPE7VSB 9L JK96EJ8XUIPUAECC92AMFDOAPOS2IG 00RM  K0RLDU6 EQCYGMPO2N7BQAOB642K530US1E54PD6QG975X23SD PBLGU8NFS8L00B4OAMVUR3PQAPU5O1QERXL2B6C5ILE4C04C2XHIBUOEOSIU3YI5R6NJ', '5YCPVBU34V6 GFLR7EIR5JSIFO7VY0TJAG5V142GDGR6VW K0G7M0XDHVR8WBBQO7PME0RS9LC6SAQ2QA5I4GWR2CYBTVHHV8XBUDUEI2TS CA6HN3TCIRG1XE5T9 0L34GSJAIOIYL0L3TM0O7E314M 414YIEW 3XWW9UU2L95J1NFQ3CF0HJOCT02E3TCFE8UQ6AJ9F4OI9HPKBKMY9PIA2OYW0P0EELA5TWX2U4WR79VP2X6KQR0G5D2OUL', '7WG3B9PWJ5M2HI5UJE6QBHTR3TK50NFPYDUTLETQWR9MWMN4AB 5X5OIHBPW0LNAM2XRE3O58GRJVCJMCE7LEKBUCHGP1TTECSF0VBLD5N2 2UJC1UGLAC4S0O7SQNB9M5ONYB43NIX54KLR4OYS0DPT6XXCPNMOGKSRLMVM61MCI9RWQOJTYUSYY3ANCPEV68FIM1PQKY5SOWABFGRAE69UYUM01YGRK4Y2POJT2U7TYSJ57ASXH56I1LVQ3TQ', ' DX14XYF2IX7V471RK4QU2VYCCSB3GGOHVDJKFWWAO6BU7EHSXGW5DFD8YIJ6046UJWUH194FRUJIJ0U6LO55K9PQXG58HCT5EQL36YL7PEPENV0OOPV2D8CRTA696HVRNJVHYWPQLT5XNTP8D2SU8COI8C503VKBMM5G43R9PMK7BPK65R358KYG1CY0UX QSRBO3K HDU174F82KDDI4YBD6MXMO 57TANGXCGA734N6W3OBYL8ALV9T1RXKK');

insert into PLANGLOBAL (_IDPLANGLOBAL, _CODIGOMATERIA, IDENCABEZADO, INDICEPLANGLOBAL, _OBJETIIVOSGENERALES, OBJETIVOSESPECIFICOS, PROPOSITOS, JUSTIFICACION) values (2, '5PCYV5G8HL 7MUNJ8 5AECV9MJGQD6', 18, 'XACBG5A5G3BEDPM0YEVT357P6FIW4A8O7T17YV6861A920GIAG3PW J5X0AC2MSH0ETRNG2I362EOII9517FJIM3 7P6TY7C12090RRO9PC4HAK53TGKGFDWLEUH8WV8L6RKKGDN78IEXGO96VUD7H40LGJ19 HAJHX9U5BH1SSTF 7T O5QC6D2BKDBTL0U687LFE9EBS7MGQS6M6Y7G1YVNCQDV3RCE 1GXN5R81HSHHAVQML 6EYD TSYFP9', 'R5VAY2HVFAW1T86MBYOP7BKDVBOT4TPE002SIK99M9C86W5WX4X1X97E7J3WOS7JN8OHX7ON3QEG3E4E4LTQ7T708SPRG7571XK5678RS410RGCMOEMYOBRNPRJRSA25CWLEJ0YTEH95LUMG44SU98Q7AWL1AFYFHMOUL5EEHL22FK89T1OD68DYD9WSU7FL56OX7DNG9TKT8R1PT4QIX2KM3KI OBLJWCM0FJBFV8SEDQEX1XH27RPAG7LL8N3', 'K98TYA7WKS2X7JL3RPW3BEIYKV61UVG54TTFL4KMO73S UDAUK3EDVKR3029NIX9D9UL1IJLXGNOMRV91NRSKC3Q2QEDYKQXK4T21A HK4C6M3LLURRXA1NOHAOA6VIBGGYDI4 4C7GJEQD1A3R3W4XHVD3JU6ARANBLAO1IJ14PJCDIW969RO26A3OFH6APVHRJAESS F88IJY1S971BND1AW6TNE2SM7UNGR881JGBYVTUIJWO1WHE1O6AYDF', 'MRXENHWJPAY1RIH20FEHGAQRNLKP6O0DFC7FIID SBGM0JVK0UNCMT8CDDPDRUIMJCACV7 A1K5KY11VWNRI7Y8HFJUVVLMYX2853X02VYR61 E1VG7T2ILS NHQYVWX3DXHGWY3BQPCP7P7O88P05G6VOYAJF5A1F0NDBJ8VJ6NHHVOLEWBWI8KB0DD20HYBUWK77VLLI8DVG6YGR1EP4N36EOM57BY0NVWEJAC43MDGP5OKJ8FCDN4S3H7BKC', ' 7G1U1DI8TXGO 84K8A57DSIJH8YKS33CJPE DS68JCK2HQ1W2I3YQCV9MV9WXI3X8NAL68GB8JM09QOBV7H20ATTJCFOQP3EMK5KYDK6VOBN4Y4XNNI6LNJVFEE9H9OAAW 71LNIS3WIPTFOMFX9M591P PC6DE2579AHVYUK93LDCPHC51S527U44C5LXY2D82W6VSN2V96D846MMLKVFNOO3W6AG LEUXLRXEAGQ63LVUHIU TCUXWO8GFO4');

insert into PLANGLOBAL (_IDPLANGLOBAL, _CODIGOMATERIA, IDENCABEZADO, INDICEPLANGLOBAL, _OBJETIIVOSGENERALES, OBJETIVOSESPECIFICOS, PROPOSITOS, JUSTIFICACION) values (17, 'FKGJD5XCV2781JWK93C T9 797TYAA', 17, 'DNROCY6A4FR8U1WWMJR6Y4LROAEHHJKBPUY5G79444MR1OM48POMN1T10  K09P2AHE7OE2IL1O79Y4OQHWN7M4QU4RI8P3V7KBHH8LILGBG2JTLAOCOHKK2P8FOL0MFNMBA1GVI76G7M0177KD0 Q2JCC021A0O2QHU6WP4SJBWU3Y3X0OOTVE N20KBSXV I60DDWBRCKS6HQ54CGGTUBENJ9SPP0H32CIQR59R2BXUXEHJH7 FIG7JE27AAO', 'MYKGEQOK33JXNGV9G4QDR4COF578E783JEV89R03NL42EBT18KF 9 6Y QAM6O7BF20 PJU2QSYFC5COKJJU3DLIAIRYLXX UKDTQ8P9CTR81EDQ83CKQ88U0IOH6KXUQB0S8G9XXQVP1SX7D0PSIPT CNNFEET8GHN41 AWA795RBANJV46P88JRK14LMEYR1LXVWSIPTKUHAS6Q0SFHJJL8NSU3NODUQVGBKVLSV36G81EALK8YPXS44J017Q', 'UCF  S2NBL09VFRWB9W 2E9AT5R10 FISG6CA9KKO0UWFLIGYOL0UYD YUVVVEWMQXVV0XEU1AEC64E0G07D77V0OS2LEWYIY7D96ULJBWKFYQLDNXU52Q7608WVR7P1TAX2J443NUIQA33MJRX8X7TH3 A7S15IYQ6KFVU58OVLB1W4A9AC18087BLU 77D2L6UVAIOGFP7WBUI6S8X7I00V3IUHHPG0FFQLJTVWQFGGSRQN6F70QYPPO7Y3RC', 'IQ8UUE8EXH7W7TPNMUBVHRMJ21NA27HI1MFNDP04TE5G4KUQRO65A02UIC3AOFC1 CHT0TMNQ1MDXDES51J A3VEAOTJ9ODH330O1BLFI3QL7WLH3C74I33AAHNUOMPM6M3ECSH85U0S2WIS0LG2P3OXKRSRE1DK874TGTO3U0EGE35WFDY379H E2WNNNENEN0OK1GAVX7TO9GB4QQB2PAF6I0O69MK08 EJ63FPF5X177VY89K NQGEMKRIPS', '5RY4YAM0424R8GT821FX18VODON4O9US6Q2ATC0QA3T4BVL01B065TJTC7HGNGPYVE1NNJWECJH1UB7J2T7 A29X9H92560SYQGR5 2YOBG0R6QSEU80WTO9JGGYB161AG5AKA10QE8KK81EDNKY D8RO RBX1I9QC92MF6S0JPI9PTOEF0Q1C505U3GAK0I4Y83NQK70GXOF7HJU7MG5VF7HORV7GJLEURHF13V9SC63P8N4 RAWGUA92A60VP');

insert into PLANGLOBAL (_IDPLANGLOBAL, _CODIGOMATERIA, IDENCABEZADO, INDICEPLANGLOBAL, _OBJETIIVOSGENERALES, OBJETIVOSESPECIFICOS, PROPOSITOS, JUSTIFICACION) values (9, '7IIDTTD31DXXAPVSDYKCNXFI5GQTV5', 6, 'C935T2W0HKK03N6VK5VXMSSC OU3YNUCJISB8TQ Q3CKV31 41G INMGNLLF24OBD0UVS38H3HC9NADJ4GR4MFY3FWXK9O5SK4JABMCSUW3SL105VSRIO8SKSHKG3XMVYAOHGT35OTN9LTVEXM1R5T60HAVCW6ILT6KQJSJMFRL7EPUR4POUCJ4IJHO SCAULK1OS7RAAF1IIGYKLVA5CGS0AADHL0DH1GJH6HT2RPMJ6J45R51HYA9FB8TD2FB', 'E837XYOULLGUGU2OI IXD2YS96 L J9UFYFUM754FLHD5MVK50G1MQWLQJ0V6J4HFDTTUF8BJNK0NS3QKYYQTQD1FSQ010A6WB5RWTD6Y06MF6DCIU7FSRK 4VH82PNPTX1Y7LDM5EJU0JRQ81AAFHUD27DGRCA RUYD3SAO8UNWWJGCLC13NCXC3KB8NJM1T23L1DHMRU9ONR0TX109DTT9L5YTCUB3K1GWH8KRVB QVO9 3ONVL7RIEJS3FOC', 'TVFRVXUBB8QX1699 DVW9JMUHGY8U9VTSU7GPUGIQC3EHSN R4P6UP MR3CJU4QL09Y7E1PS88YK1SWEUS84LXL5AQUH4GA5FNE3XSUF634GQ8XWAHD1TDB50LXVMOHV6NSN329N88TJFXQSFGNMQT B92LT3UBYS4WQFHCL95UPP8BAV34Y8QI6KRGY0QTL 02O8CH7HHH908PJJYDL28S8SDK9NQ2VTH46ML4GF1NVGO0IKSIGO2UU2TJ53W5', '7IVQ9WXOEYWFLAT6KY0FH9BELULDLQTMRIXB9S09CG7JEWWYTDRHGXYSNB2QOOJOSTB7828RP4THR D38HM4QNUBOV8A9SQG0CIBR8C171OMSA71QVCF9PB82OU3F4DCH6IW6D7UTHAOGAC6H56XT2QRF14N GGOKKTPOAOTVTNVH0SP 6VIXDG0QGVTJ7YOVWGT6HOJVNBSD8KU WSGXWV04KGWIFXE9Q1QE03HPPFDECQMIHRIXKGN46OK2VH', 'YHETJCIHYD1M6XN27PL0MEX T1HH6LHVNDYOQ9R5EXNP31VR62UA0AM6 GAGTBB7H2QWOMSBOKXUE3KW4RET4R9JM6TL67RNSKX94B021Y6KUBFTACW0TJY0BV8JKNOYP0JX W74ATHO7FFLJCTO3U6A79N9DOCMVFJADBN4YUX9IP35FFJT3GXS532 5UEYQ0SYJ5YF7UHOWY7667FP5OHTL4F7N6V09V1XTF55UL0LOH35MDN0QDLEQ7IPRA8');

insert into PLANGLOBAL (_IDPLANGLOBAL, _CODIGOMATERIA, IDENCABEZADO, INDICEPLANGLOBAL, _OBJETIIVOSGENERALES, OBJETIVOSESPECIFICOS, PROPOSITOS, JUSTIFICACION) values (14, 'YYHITC1XU71IFFLXS9LASR61MCUU9 ', 9, '88WXMDOWRIMIYG EO9RM2UFOJIVILKINRH7N YF55NCF 7JU8327IDU812YDGEUXKESPX74SVE8L31LJUIIKTS96JDFYRJLQ4W7M58R0GERR9D7KE1SYF1 PJ7D8LSOQS38ESU04EHL8VD24PHP75V05GJ TKPKKUIQMDP6E2TJVN JCHY9M9T RMOOSMNIXGTSEU985PUJ0R LGDTJ3D78X86 R4RCJP2JDKOURI9QKSW PWPT1K4O0GXKWV J', 'I6JU7W5GP6J5A6OARIB2PAQBPYQ0LKCXUBUR3USB3W9W771I83D95JKBO75NHD4LQ6KKSUSMSQJ3 OYJPDPX9DRTAMMJML452IRF6HL5RXXHTAJCK9JLRX8AN8D8KYGPSLV6TEMW89CIKRR5DDKK1AVC J 3E81L26QJX787H04FOXLHWQTV3NFYONJ906RH8MNYBMLMY109BKU3 XQEM7KCA5HOTMDAPS9PIAV2CQ4V9I72P38S 5W1J5M1 HK', 'QLTGDHTQ6SSOM1XB6FE6TDNL9R2JD7X63XFYSH8U2OSI1I0SDWVKG824QLC95K7BQPY2C2RYSEDK1CNKT CCH11FBI V4MPPB36QEGYOWJWUXU5U5Y6RGG M0SI5BK6MIIYIPO2KU 0VG5KW GVKAVWTQXKC3CWARQEEEJXA YENO2JYPA23EHJ5ARYADQV IPQ 1K3HLV S78EAQNK6I88TEDOBB9R12QCBL6RUTGSCY43ABYC4SW 0O5UAM8V', 'X TNETOW HTJ2NED1X74ST PSG9XW4WP5F Y4QU3DM2UNX3MYSIUT8E257W4GHKPXD94M7NPSRL0BWTM70 BJMP3DPDQ3MJP TUU21SRDXS8PYKKFQFJ99HE0J3P6U6U 32CYWOD4C59TB2OAER R4XIHLNKD8IEHRFFA6CMWJBE3XK78Q0P60W472TCVO6NXQKDD0HOKB3FDJ5EPRE93I VFDFN6SHUP3A00FGPSSHOVOEL1RDRFYBFAAJI7 F', 'N67YGSSN7DWAWA5DBANCKHVFCC51LHBEIT9506CCCWNYUED5OCQLI54H8WUP53WL 6A2ETSH16PNWR1W1LG9APHSHI6 2V8JBWK5PQBPKQ UUANH0KK8N7 N7X4C9D1AGBFMB3M3XLHXQ358YCX8LY3VDML6V8JE6D6RT8Y40J47WF3T0RDYCBUMPNLOFAKP0P9N5N6OE0YW NHD49UXIWSGPQ61NJFJAL1AJ J0H104TCXD1Y8NXD EMBEBM2X');

insert into PLANGLOBAL (_IDPLANGLOBAL, _CODIGOMATERIA, IDENCABEZADO, INDICEPLANGLOBAL, _OBJETIIVOSGENERALES, OBJETIVOSESPECIFICOS, PROPOSITOS, JUSTIFICACION) values (10, '6UNPJL0MCDTA0FRW4TC1APMPKQV3QR', 8, '5KJFP9 8LK1EWQ0YCHLLDAGYEA0CW1Y8KXTX24YE3VGY1YFJOINFJDUCKQUA 87ALKRPPP3XOC3 F90C16F2J4RRWL5JVE 438HLE R2VQR93VFPTOPFW7FS MWHV CWXJGMEB2Q5SLNLC3JE2HKOPSOAJCJTS2D1YDWKJXI24Y9 P8G6B6PH3PBEV1E01S0BW6P7SYL79K8WEUQN9D8EAO9X4RSCBWURR5I9OOW6MD G8OAARYO3L4QFMMP9PK', 'H1PWVMPNVTKVXNH82AUMNCFEECY APCBINA02X3A6Y0KCSA7XLYK2OHM4TQS481EQUUFWJMYPB1122E65LPFF4I1NFFXR0UOWJOC1TL4CNLKGQ9WU3WV01KVP81MQUI1KE6VD8SONCPF460F JIGD16OS0L2QQDT1OS24GJX1HFNX 5B92ENCUFG746BUTAPGBWSS8OJPSTB3UUG7FKT2BYL0NUBDDMUNW1X4KKLKM D2MP610Y9XHXX2AQ0WU9', 'QNFR1FFQ3QR209W99NWIVSYHYOPPLBR4IFKOCBBJ0C14WVK7LTICUKR2YU1R6UP6QFDYWGHBCKWIQ WVQT0AYFDOAHCLH4RAUK6MWGGVY56VP5GU4I0WQ7N AV3XJCBDBQQT49FPNT12NCID8RAY63AAC63OU9M1MNYWVBIWC7W3SX9EL8 CTPPJTFEXGWPIB06BWEI9WRF2YOJHQKI4S13B6MCV RAO EVOLR 7B NAIT1T79JINIHWUMKWIR0', 'B2BKPC4AX9BL18ON4FBGTLHRJWSENDINF73IC ONKGKPWJNTD19AKD1SY87C5CCEK7EFCVBVWTHA67GLQVPSQWALH63VRD7N62JPOE8W8Q9WD4Q6MW4YITP WJBOPYP0OO2YSD7FWEEAFKYJJ 5XO2LD300LQ35PKUSXQYXP90PEW7C8YVS1I4YYW7MM46NOCAUI2TUOQM7AU3VJE7ASSQNGANTVPY4GKMNRUX50O696URDBGL7SW59C5RLNTN7', 'M4YYLG0XUHCCXN8JR6LIGPN3TKECJL7H3DFIFNQQ9AC46W6XVWMNOAQ8JEQ5I8E GQ77I77URO1FSB7BE73PGBV4ROOX3E8UNM8KHEQP965FFXHDJXQPXRCX2V8XX8H30B15VVQC321DT2DCRQYQ2WOFJ53AN726ARUL5IS7 FNFF9C 20SWS9JVJHLBQ115MTKHOGMD04PXSE2MSXXDVNR3YNQANQNLM0OIQ74ERSI49NC2PGRB349E 54HOL9');

insert into PLANGLOBAL (_IDPLANGLOBAL, _CODIGOMATERIA, IDENCABEZADO, INDICEPLANGLOBAL, _OBJETIIVOSGENERALES, OBJETIVOSESPECIFICOS, PROPOSITOS, JUSTIFICACION) values (6, 'AQS2DR1O8R5XIJAAAGVOEDTUP5BB5J', 4, 'OEQVY38AXLKM1CGCOLF6QRO3KMQ19MLQW8Y4SOUTV6BT2SN466WG92PKA6LNN T4KDH1XHC2MK0RWHX6MKOJ7B564SCFDAO8EVA0FIXLNIQKJQPDME4HS8 FU7YJX3RERV6OLC9T5SFL5ATFBBMKA5IK 8DJ3G6NPK 1R CTW7YG0JKSL BF7VGMOOE7QYCUW3BAH3NKEK34MALPY5DW4T FPCRLVR6OOQS HS RSPJSK  7LHU6VUNKK543RHY', 'RBPN65J6MD22LLDX7UXN5NJ L E05CUNEXMC68GXJNS9RO97PHWNL6TC950UGU4S2O7MHYPSNP5QIMLR6KC2LRVRXSTFHUM5IMO4K7V9OM5PE1XDLG9 1XAI1U32S3DRXHWGR6PFR8FHWSVCBECLQHXEE4W0RKN8UWEBCA3TE7CCD08H3B01FJRR93UJQKSL86ECHB3KKYUL24063Y8JQGWH9491XODJFHPA98WAMPKM7V9BWUOB6WNXHA2VGP3', '358WUU0EUK5T7CX7BOS0UJYM7B7 KP75 HYCP05UXLIGGW1BIQG7P6L2T42RJQRV8MTKE3NBTH7ES2ICL2HLQP36 TSDNCK3B90A5HBINBAS5C74ED21RXG2KYWKXQ4HF4OEE9F 25P KQC6GE9KT25M47SDJPEJEXS4QWM H4BOCTIYXV L1X0JU5R3RKPHQGA0VIXMXEWSUMSJML5QQUCALI1D35RDKJ UONVQ274LLRLU FHXCOS3W R05TP', 'BSDTWOQTXMLIE13C5PHCUOY5PHU7EEVD3NXDAP0OC1MUJ0D77R9TVK7J9A68SSLUDRPJGM18UGYGA0B1EA8 1ICBGLVHJ07OASVT2MFVOD7SGQ1R7 LJJX79BHY1KHLNQHL10G8PPFUM2E12UIFDTV0VL2FC 8XC7IYA7CWLH8A 9SAE4OQSGVFFMF40 SU4UNWWV4A97EV6D833J7G85YI0GRT109E5IQBJA4N5RNSSVK639YEITRQGS96NL70', 'K6QECGHCE6V0C3F4OYB9X148O9B3815FQQ3KQYAJ KKVXGGKC525G98WBW8MYVBV700OF6W CPVDBHOVI90P66GQ9ASA185EP77V62Y96SJGV4FK3N8XD5YBYCNDW241GX4 UD91PB5Q3A85M4MGEFAEFB8S07W 661G9TY4NB FFRXF2WSLM56W5US5WFGI7B0FB0HID46GEBMA1L6AFDPW72BP1D24A7UOXHKCMKNFKIQRJ515848K7GKB1NA');

insert into PLANGLOBAL (_IDPLANGLOBAL, _CODIGOMATERIA, IDENCABEZADO, INDICEPLANGLOBAL, _OBJETIIVOSGENERALES, OBJETIVOSESPECIFICOS, PROPOSITOS, JUSTIFICACION) values (1, 'HY5Q CGCP982FV UOG60RNDI3C6T6C', 7, 'QTD1KDVNDMNP YX47JIMU9NQ7QIX2PJDBELWP8FDYJ4M34FTM449YMITIYNXO7P5F8DCN9TLRL0TWLX G088MIDPB E80HJXDPPI4I1M7M27Y RQLOLFH96KA7T 1 XCQF5 MQ6K3LN3JKC3ASL4W01KA5FMFUSTB2TSGC8JFNJ6TA6Y04012F0PHKE4QS3PAIA9NDBIK36LMQN6HN99YX6WDBCS69UC0UQ93JJD2CFVO6CGTH999JP0OEGCUB1', '5AQUXODV4BFTSV7BBIAPO7SF1CGWEEUR6XMX0L9ITRWII0EL3AE9W5DTAQA14OGGTYMSDTTJKKN99K1O7010AA4LOW8EH5AAUD XV25Q5P1BIBYAMWU8AQTOPJIKXK9MHKSEDXO4UK6LR 9DWKAV7LJ3GQ5S2LNWLET1SY4UHWXNL7BY50IJJSM3IYWYES RJ0PA1IG6EX QJHU8XNKJO8P2Y3CMKO4052T65YXKI7TQ88SMEC8Q6PNIHHT 5L5', '752NRP02NDY2S1NBS8WKG6RVUAD8TAKYSBEA QJ4V 5QGOVRTYJFKTBXUI  B7U Q473Y1NWEBAI 14X5CPW595ACFPYKR935PHB0S748LU7CHD7W3OIXGL81DSKDSSJB9ROBR2GO8UX83MVM 73G00TTS2RENFLX729UF4HASVB6OV002M018U2WCTS0G9CT30M9VANW 0CFK7S4ES U1JXRUWBEVBS6NON2VJCNPUD3TQ3AB23O1K767PIICQ', 'ANJX5X6NINN5PE4Q91RBOID FY5RCFSJBE GXDPDE0512PU97DGS4DHICXN3XDO9OJVHDGLAKPXCBQ4Q9D EGT80DE3JHG1SOJ6H92DBN7SX6LXILT9LLBEJJNSECUM7BGVUMAXP0NKKNKSD749OPJ7NKN2W6WO G2VXTEV7RT4V1 OIQDYYBBG8 2B3W201PT8WGS6VW7DFUH7HQAFL5MFK64X2Q0XMHQ VF0G83V6PYRF9HBPM8M D6SEO3IA', 'GT05M0N4XTS1IHWW382CFI7DC8W5KGPVBNEAEJTHPSGTNRW5N93U1RF0QYOENXW M7DHPJ85A I8B1UNX9J4LHIDEJJFF4L HECN 11 GBDAR   MH JA80W8PK5FPWI6Q7I94924BVSSBGWLMH61LFB7PB9TD K375LAVWTEY9BYQCJSYIYD66PIAN8GXUBTBV6EESVHR38D0K8FAVJHNKDFSYBS3DA35FCOWO7RUHPVY0NRYWF9NTVF1YJ0QE');

insert into PLANGLOBAL (_IDPLANGLOBAL, _CODIGOMATERIA, IDENCABEZADO, INDICEPLANGLOBAL, _OBJETIIVOSGENERALES, OBJETIVOSESPECIFICOS, PROPOSITOS, JUSTIFICACION) values (12, 'WYQFTCEV2DV8LU79DCQGHGAMO4ODOP', 1, 'W66UYD73VU0QYDHQHAVH JYRSE1EYKPQGSXT WE4Q1V35Y9FRI9UQ3JIUVJG4YT012JECWSVK4TY8GO0SE8W9 98ROEDUGP IJPVHCPJVSYFCNM4V4ION2T5 OAGF61TQ1917Y6H12H014MEB3 RG0ILW00IO57ODN48R9SXF9TTB8WKA3P8M8BVR3IXQ37R4QGCTMVA9WGHH28BU4VQIXVBROWK6JQBFYIPE3EWNU46DM6F HVFU3GD QIV S2', 'MULCI3J3O6SN5ATEM891QJVP49SGXSUEMK07OXET8E2I7EG7XN2BRACAR 65 8MMCS65QPK55MU6Q9C DDT8P1M5FW4MB50O6JBOEI IJVD98LGTXOYN4D3DASKBQA2UPA321HJKMO93W6U4RDC97Y37N UIRFNLN5KGPT 9S4JUISBH7Q7JTHU9YAO8JEMRVP7M2N ULTNFL9NVOO9PGNGFV28AV1PDF2V9G84URVHJ8GJHTLKTA6YV681A76I', 'WHQPOJUVUXYJ806IW49CW9GEN6L5T2VNHHEAGRVABF S5S RWGU2B07LW39O5L57B6R42KOUW43SPU9NVIT8P6VQHKMAVEJN0V8F3JONJ9SAXDPDDP2BTSMEVF9GNK15459 H4VS7CQK9CM6XQPDRLD8FWW8NYB15WI3KH EN8QGIH1DYNYY46NVEEG7E8PJF9SL5LEON R8XEK8QQ75VWM1 OYGUR518N1TC62UR  S5BI4JJYKDX4F8RMNBTA', 'EWJ8WXRT8ULK2HOYA1GU1XKITXM5STJGJ N1WEYW5GTITUAYB9G1RSWWD3WP5X7DHF2KOKKWRXL03PS3LROEIQ9L 2JLDQSH6RI 1ISH56N521HMPY331WEK052E0UORWABHKH WXREYO4W7P0GDXR7B6AQQI6IQF3HAV2MX 3VMVFQ7YY2HO0SVNBD68WYDU1POD6DUPER7EUQDDHWOPPCS0SJFHGYCPR9YGX1IULFY2EX246MAC2A762F5DKJ', 'ASB9YRJA1TSULYEHP9T7U6X245ETRXMMDYW8M0K5WCQ OQ6MLK9VTG7C8DS1IYOQWSLNSF7QK7B7E 60UF7E5V8LO1LM78T8HML7MOSH5ES616C66T3NGXUM59SW0JXL2 LX41LO 5TXNELHPRYY2RV7O9XNUA04TJUE2H IPPPX3DY8QK9Y566 IHY3FK14745G NB38M83XKDOVL2TNMMK8GGQA42Q0OSF6U2GSJPOK1YX1FY1976DOWJMOC5');

insert into PLANGLOBAL (_IDPLANGLOBAL, _CODIGOMATERIA, IDENCABEZADO, INDICEPLANGLOBAL, _OBJETIIVOSGENERALES, OBJETIVOSESPECIFICOS, PROPOSITOS, JUSTIFICACION) values (4, '5V981H8BRQXG XBJJOXI71A0 TFAGV', 18, 'MT9RCZK 5N9OJ5JVOLQ80TH1EFJPTJX8YKUSNEQWI6I4UEA3VHQKPYO6VYM4UOUUOY8CMY 1F4CMT46DWDMRA9 6AFUH0J57447CTBK0E8OHQQ8RLTUR14JW4IBOTRBAQ6SUAJG2Y5T8E0A3WD3RSA7X VGSEDKOW1D3L5H3NGAG77WSQFC0W NIDYW0CQVM3LJEV07N3NWY0XIX2DU 7TDJYAMQRQ 2SM7DRGXXW3RP6689XD6A6QLHB4WGDKI', 'SJXUQWUW04Y8O79KTFDKO5UA S83LNSKOJFTA0QPGPAK40L8NEG7UKHAJT0PD0RDWYBVV58TJOKLXPDX0TWQQLVQHI1OKO28OEUI99OFVE2RV2MY9Y5VG3X95AD7WRPFHRSM0XHOEBKYMICJ 8BQYHIF1PKTU P32 HJEI0LC3EGK2LS45XT WKP1HPJQR4CH8QYKVR14IFYVIEPUF31 31IAHERM5241RX EN5WKK0JH6X9K IP9GX14STACTN', 'VRRFOSSQ4KWMK9EUFIXYEF4OT5XTWKCFF3N7LEPNRIM6FNI7IM11C68F0MQ1YS4H37ISJM1V3WF6W9ATUW97K8P6RF3 0IP2D0YRY7N G0TGXA7MV4BNVLTF A3GUQFGPBSWVE7A7 IU2GG8336NIOL8JU7HPTEJMT53VQ4RPWMGCU1V1H2QB9VGBJ25HKHVO5FE0AM0FPGHDXRF9UKHLK9GAVQTH5EQFTA0VGO9TAOB9M6GDNGQA75EE3FWL6L', 'OYO5FDQK8LFW2FIE5VBINTP5PJBU418W1X0 GCC3 HGVR1SG0P0K59GLGWEC1FTFLEQ3FGQW4IYLBC8IM15D5OGI5E10QFUM0IMDSN5EL3140P 7DRD7424X0OPQ U66KU8FXV66Y K27BM9B450I96 ROOWNEYW CWJDWN05E7PAEUK SOCU J QU0ONOMSKFPMNGORRYD0LYS9DWYHMYHFPYHVU8U 4UL795NIVM9LL0RH4VSAEPLY19QU7FN', '09DN1SXLIU7 E6HQYER2IIORSYQT5PAD AH3DOKF25MGCQAUQFG0KMGE4IYE26OUHOH00I 2VSW10 IE4UJYYPN3I R1MRUQCBXVVQ21L196BFULSO8MSLYW4DIVFTU77DML9LEWQK6UKDMMG9U8MVSWVXOOILCIPAGQ 369S88JHVUPM4ULF 68Q6YQ90NVDSIA51AQ364C7T74S6XYI3U HX4UJUTLKV0UB 91WWRSAU 5BKW5O54EU86CKMF');

insert into PLANGLOBAL (_IDPLANGLOBAL, _CODIGOMATERIA, IDENCABEZADO, INDICEPLANGLOBAL, _OBJETIIVOSGENERALES, OBJETIVOSESPECIFICOS, PROPOSITOS, JUSTIFICACION) values (20, 'HY5Q CGCP982FV UOG60RNDI3C6T6C', 16, 'LITLOG6TTP38SPF27DL5PP7BL6Q7VCVSEUS44OART7T0G0IQTE4W5C0DQ7ADUGOWFB0LRMAH44E145MPS6URP1EAC4THBXHR6LX Q44EJ7TIEMHBJSOFMC HNQAWHL42UASMCG5TL7 YYH5M2FCV8CS2FTK9MRT9C3V42G2RF R5QC1H29JB6MA 66GI8AAM5PABJI00TCU6RB1JWJUA3CAX0OKUVKL5EW1FKHL785VE73F6IIQKU53EQ8KREJ7', 'CB006K3QVPB3Q54A93TALU39KBJLBI60R8MDGI20MU33FD2NGE36SMQ24R3 GK7C2YC06G5KPM90YHC7IS6DV6SGRRYQQOMVWW3F2EL0JWFB1JX7XWJOSW9JCSS3KURURSXMA67YIUB3SEIW8JUDW0VFPQEVTSKJ1N37DBL1VYUXRQFLRVWAXHYCJMSFP1Q82RY9C6V0TX1VWYLLSCNS30KHIU1LUYKB3P2DIXXJDS3KI9P9IO8SX4D243GTCL ', 'XHAPBN23HDF5HN6N6 AVFR9O OIO19NA2HUWU BF7KT3OQC9GQ16NY3TL57DYE JA4SFA3W0P01 R89 SC32OBLBCWAKMH03H272FOTYU9MJPCDGEHLFWW0NY NO3JWK517WB2J65XXSPWO72YIJX7Y3QL6CM3CAEUPB30XCVOB216GFBHSUHBISSUMKK9CG49MY2U8XU6YY71G6BW77ET5JQXPJIKCYR3OQOG36K40CTTU9T2IOSTQ Y3YS677', 'S0S7KSI9G2VWPQDDNBNPCSQMCLC5ROM9N4W JV GYII1AIWKANI3UEFQKS9VBB296V57P4WHLWQAVF8I2963MW19PKFVY3VF47YU78GU D8XQ1ZNVVRK9YSV0DOVP43XGM4RXVVE0P03RYMSPQR7WASJX8AEBIP482VHDS56N6JPHRLWOM4JDN1H0OWP5CKOP5VDPQAK1KOF346B5T6R6UG6 SKW7TEK8W3MQI48I6OQGPMNK7OXHMUGR3QT74X', 'YOTCHG9ASF47 NE64GOOK3W0NHJ930OTAU81UY26RPVNKMNFDFAF3BW8 VGLHW2X0AYU2KAHPREGP M0B9CE5BF2NGYOHQPEH 3JUILAEFB53W2VD 41NILJ M73JB9H6W36FBIHNKHE XIL0I6X5N98BLQLMY53JWMXI1AHBU0130BGNMCSL 3I IC29ALU2QN4F2YF9VD1QLLCV1RKL3H9EG2KJGL 92G6Y7C2F68KQE8V6CSA60P4 F8D0WY');

insert into PLANGLOBAL (_IDPLANGLOBAL, _CODIGOMATERIA, IDENCABEZADO, INDICEPLANGLOBAL, _OBJETIIVOSGENERALES, OBJETIVOSESPECIFICOS, PROPOSITOS, JUSTIFICACION) values (3, '23NOCI48CIOA8ABFS0HW769KYHJ2OT', 8, 'O D3T1UPPTCDFFTWNMFL7H8BNSPV1ON0RD0A92JROAUS5Y9KVHNRM6C1Q94YQTWBRNLDQW2H15LITGMVN3HDE8PRIXE262RTVO0 I F3JELRVRPRJ3DLI55CJ6LF TCL1V4Q5U75NUWP3TTITPOE3K 193Q61N67WDW1I8HMPUKGHRUVLXUQPB2LTEVBJ9DI0VABQ VYPHOXEX3XSADF2AQ27H5SXIMWNV9T66JWKGC1EQJ824Q88NY 4COF F1', '47C5ROH8FLTE7EN100TXNF6ODU9H MUL3HR021IYFBMHGQVI8816D 8GP KPKJDQMVEPI6HWDD0 K0IPD5YIGD6DESJVLEMA76YCV3PJ4F6RBAUXYICRVUMPUGYXJUSUB7EBF670I4JRXV12G1CQ7X1FE0UVIYWNIM01 8S1I R6AL PEEDKIPN4HFL 19RLCYA7WI250EU9QMB1F12FEJE2LMSMALW8DP2J0LFC1P2I4KI 3FEP1B357BCBVBN', 'HF8LVK7M489IDNF6BATCKT JKGLU4DU6KYIXVH1BKNCDGNADOW29JTI8GVOTM5NWFQX6HEE03B7GDXEUJCSNHC4YMIP5MOCG6WCRRD912DOI2Q7BS4WWM025VC00RA7CL8TY2N62NLM6TGR 79EAFP5QQ0 K G1EB2B 0N58SFX18NMF9ICYNCM1IR1SHT5WPJX GXS160HJ43VN9BSYB3DRBJLMQ7DL COYM67EB3B3MM408OTAR8S11Y4VIK3', '0Q0LN7GAX9QJKCDSM77PEITF XBY7QH4 NQRTNLFOH8NIX4MC1TDM06QTH9JDQK PFN0 D815F0UJC7RAX50CS8L32MD9B0LAVMS0V46BDDGYTC9H 7 OVYA9S87UOCRQEOH5TIBYANMGMTLRYYMXLVKGI PE9LOP3SAU25ELT9IXADMQ8E4P90HLMREIM9VQP0FVJDQK8L3LGEOTXKLXI KD8GS1HID3LCY9E1  G3BWWOF6RK3R0VQB5291PW', 'DQGLSGN1WR6KWFNW8545703PC78HTUK8L2EURS2GY77NJPY1AERRM689VKPQFMOSUU9C EFR1RH20 AXMKLW3DNY9JI6XL0P QBFK77VHI6K682KEBW2CTX4RQ995ENXJGTTTO8JFGACWV4QGCS2586V8PGQ3C45OOTE4SQAIRTQ9 O1CEC0IWT391GMW6CT97CG24ED6JLEJ2CU68H8MLOI0FM9W6N7RQAGCP9WFWEC365ATN5ERN3KCJ68L8S');

insert into PLANGLOBAL (_IDPLANGLOBAL, _CODIGOMATERIA, IDENCABEZADO, INDICEPLANGLOBAL, _OBJETIIVOSGENERALES, OBJETIVOSESPECIFICOS, PROPOSITOS, JUSTIFICACION) values (11, '89MUR06QW6 ES4V42NM0XDN5KWUWFT', 3, '1UEUQKY5PV3QKERKQU8HQIN693QN O7C4G835UPWX1H08KS5PD97JJPC6GY92C6TO3P34AXJO98FLCRU NEG27F H81QAKU5M5V HE8DAJQ77FQMNHHXOOI5BCNB27UPCUHU30I6NKYMFUW3AF47NDVD7E2CSF AL3UXN7NBYXJ0NWOBVVF153JT2TB4PM89JO ESDUMWWTO14MXRX958SQ1AT0 1JPIQ4LH25CIIMO1REE3QH59YSUALEFCU5P', 'S99G2RI2FJ5YIWFT11XMW27B0T8HR0463NXUT3PVSLVD10L9FYQ9QQVDT0YMSE3EP7UV3G1MH9XD0WXL J040QCDIC JE9R SN6HBUQT8M8DIMNG7IT9QC39MGQ8SD3D5RWY1TGQEUO2SOC6AM322D OB I283DVBAXQ F8H111D762W1PR7B584HLJL87CIG13M29KVTFYJCO9KXJJKXJKTN0XPD252BW3PAGBK3802WCRV205EIW0SYYQKHND', 'J3WOTY90NH3EY49IC2BJUL8QDC95BV A9Q64F68FHQ3PAC7RVDM5EOOPPPC7K3QBNHX3JC933WUC87T15JLSN6BMDARV5V971LHVRQPB MOCS0L38SWO6K3056QPK05H46TNOY0T3AOVU868J3W2JI1W544D4P3422NORUVXT3K16QF9X7K942FUYPIJ4G1RDX9ACK3FW N1KK9HLMKJ8INXJ90VQX H06NSQKLPIP 3M5TR8P6A3F7T9 I4166', 'KVVYUCYICQ380NLNYR2HINNBBPRK1 BL9W6W OMOAGDJWVN6SBXGQDGI1K5YDIJANSXD4700RM8IMWBRTC0NGWK51S1CBMP6C 5J01WG4G7QQC0CE6OACLEGVXURWJA0ENHM8N7I3YITP2DG7VYKY D8GFKC0T036RAWARY8TY1EUA24DAHSQ 6Q6HY8H9M6K2JLLDG6W B3HF1WG2K82QLTS0CM  4MS4W1GR0FAEIMQ8BXEN778NMUGTQO7BN', 'CC5I6W5SPX3WRHYL9PG1FEYNHS27FJPW2R9PQPKUG1CO6EHGJ IVI5VHBIRSYLGIXJYIG0MQJSV7DQI0JGQ87SB1VCETANYMCQ3HY6J45R WGH5YKJ0L79R7QRR65T4LG5O16NY3AB01RT6BOCAEMM7A9WPKICH578LKA575OF9TY2UKOMKWR54 MK2POM2IB0XASH17XP5CXQWL7SVB88LER7R379F8AANEFNQKAE2OWGQPNX7TYF72CWP9WYM');

insert into PLANGLOBAL (_IDPLANGLOBAL, _CODIGOMATERIA, IDENCABEZADO, INDICEPLANGLOBAL, _OBJETIIVOSGENERALES, OBJETIVOSESPECIFICOS, PROPOSITOS, JUSTIFICACION) values (13, 'FKGJD5XCV2781JWK93C T9 797TYAA', 12, 'G7P IUGLX9XTGUUVI B764OC65BJM4QM2BJ4PJJ7C IGD8V2D3T9PKAX0J4W9SU2TVHNHEWWPYTKAR75G2BSP0SFHP5SQLARQ17W5IBMKU1ON8RE0ATX22KTX2H4KB8NCG4S30UF S621AVCWK5EP7C85D2HAI1RQ4GXSUTIJ72MYH0LF5XPIV30IUK2IREAJG7KOVV9C17W1B0YGMIWIE4KV1ERTGANVA5O8WW72K 3W50DG14QP0XJO0U4TYX', '6DOMBVORYTPPSQUVA9055V61U88VLHBY7RA5463L9P5GQUD74YG0MXULL L7IG18A8P6 PFVH1UHAGMUE9A7VRVXEBWGAOC0E7V044X4CS623TW8YWHY8NRRE21B9J8G8TSX18E8EKIA2H AEB1JBYK6JNVB M95BRH4G15I O95E36A4K2008VOI7BY9MI2XF0MFO0O61UKLFBXBDKGI8T8UGDL8FMM4WHE8FCVW8SEEFUAX4OR9S 4TU HC3P', 'WB1FI2IKO7T8EU3EJUIDTWMSNVQI00IY61HWWHG7Q KP9PDGPWYSKMAB3M75DJGU2C9 BYM0T93D J5JRAONY7SQE1X8YFXIQTYA8CKJGR9XVL GO94WGKT8B458OD0TYEW35I5INQPLB1N2 HI5LEE43BVAD 6P0H6AJ4GVXSVEPW6GP2UMUERWLEY5 S3BRUPF UWOEWYWG6XUHHW7T4F74L 9F7R0JP5R1564MI C1QILEL9G228TKJDRPJG', 'BH8NK4J7MBDHQPP3TJ903EFDORDUOMXHNPIRLQJQWTSP5E5QQNUA9N23SO0YWPR1IWSVGBUG XCDNN4SEU6Y5YV82LT1LS2XFYR8NTXD29K93BJW0QUN7ACE2ANS54AWD4VRL2HNWTNVA2HWBA4MVDDBR 6GWV8VU2B1TVGLS0OA4IDSNV6QPY1VPAU093YWWW4CUU3PILGAJ6YPS9VM8OR4 6U1MRT7632J7L MFULDFH6X4OWG107B746THQF', 'BEETY8Q7XXIHOB05J6ROC4F1VWGVJYKA5QGJWJ3SFOKU80EK9QNDW55R5QA87Q6LJ54Y6X4DL8UN1 OVB2MGATKJMUFUHXX7P8S6KBFGC29HRK6INPE394W3F3OPGI6B8FHFQTSY1CCUWE9HLYCGGEHL44CY4PFP5XUW9X5DF5CEYBJ9TVFSF6SWOAKNC3CMWO9VQBIRN73QAJQXHBBDNEH8EUY 0GRVBFOKH16P956J5HR14YDGH5DG2OX3SVL');

insert into PLANGLOBAL (_IDPLANGLOBAL, _CODIGOMATERIA, IDENCABEZADO, INDICEPLANGLOBAL, _OBJETIIVOSGENERALES, OBJETIVOSESPECIFICOS, PROPOSITOS, JUSTIFICACION) values (15, 'FKGJD5XCV2781JWK93C T9 797TYAA', 5, 'BFTTS0L42VIJ36ACXBTNM3VCOV4WB8HT0EQL5IKYOHYQEKXPXITVMS0HXW8D8P6TKJ1KNCB705GA7S51Q299GVERCTJTB15Y 27NU48U9MXOBK0JXHS4HGVT64ONSXANDU3IWIM8P8O5APDRAUIJQQ7LTWPYG7II25XMP5QXVSHQ602GNRUDWV2DTS0PRPKIJUF9RSOUBOH9VCUP2BO8C40NVVHLV85SEDME94H3WT6BSIBUR7AK0PL7VTD3JQU', 'LRV DJQ3LSJJDV7NVPUKS0XL3FH8V7SH8GPOB78OSBUO4C25M48C9SVCAL13TUU63NFSXDM2SOPR7EFDTJN8UWWG8VXPBHSH8HQHTHVSCXCD2YTR703H2XKPWP76AOAO2 X1GB1TMTM5161FWD8CFPHDM8KMK84MGU1QATCS6Y3RGIXWFBE4AFGB5HD9T7ALLNNUNA6QYNXWEOLAR8I4VIHVP5M9P0WI4O4RQB3BC3YA1P688C9PFNNYTS0WQA9', '67MY6CI8KTGPPXDV94RAL8L9NB79BT2OG7ND7H8BJLYPJOR5JUN2HY0XVC3MERWBMG5F05KXQ6MA2SHT88EJNXHWP4051N3FKHYXH2NW0BJL7W2NEJID8W52KM8EYJLFE9AE4XKAB94IGLWO6LX14K0P1ECMJMA DBSA2J9HTT9R1IA7VNYTRPYAVHHWT0W2URHO5NL4UA6RUCHTXJDQC6TNWI24FW4VD5THU3C4TLKRCSKD1O9LMSBT6L WSIJ', '6QJQ7JKW4FCIJTRCYJOP5PFBTJWMABTPB9KFIF6 5X5BMO8YCEBJ9X8D4LRQ0NOTCWUBCJPKUTO  12VXPYDWBOVWNCU71W84EIA8KBDEMS9O 96KWG20KXM1DP2S10PL020D75ABAOMFNT9D0061G1PI29C9AF9 GG0J77K3E1EN3LTKL826QXIHJWBVFE8J3 IADDQH XNAIBSKO7V86IN83UHG487SQFKPIHJDOT744OEXWCJONK27MT1I3 ', 'SMRQCWDG98AQHOWNPO7IF7VFXVLH8BQ19GXSI5VY2XRMA0TMJHADM BQJC2AL4PBOV2RHFECA5ICQ4I1PB5AEWELQIGNHNPW C2AMP3HL182LUKEXCL66 HGFQTL79YDMQJLD DE88EKO2UDE36MG31V4T1Q26YIKAYO83V7XP9CTEGTXK7WO2YLTYRDFKI7EPJ2NRN9 UVIYIVPQ4SWDLBJ3REFPHNI41B16PX16H2TXXR6PKU82AKR187KCWQ');

/*==============================================================*/
/* Generate test data for the table "materiaPlanDeE".           */
/*==============================================================*/
insert into MATERIAPLANDEE (_CODIGOMATERIA, _CODIGOPE, _NIVELMATERIA, _PRERREQUISITOS, TIPOMATERIA) values ('5V981H8BRQXG XBJJOXI71A0 TFAGV', 'I84OSARQL93JWT0IGJKF0FFO4KDIKBGXNYBIREESQIT8JMUOJG', 'A', 'WC5WQM9P3NG8TEWM3YS56YK5MIXJRDVK3M9D PCIU1IYV2PDF ', 'WVTYIHQ9W9YBS54SPS0T CAX6LK7DWKQTU1V0KB80AHI9 UY4T');

insert into MATERIAPLANDEE (_CODIGOMATERIA, _CODIGOPE, _NIVELMATERIA, _PRERREQUISITOS, TIPOMATERIA) values ('WYQFTCEV2DV8LU79DCQGHGAMO4ODOP', 'T8P5K8T2NPA2YMM AERS95U3DRNYDUD7V3498AI 3TVBTFK3S5', 'B', 'ARHR KX24 BM BNE7P2BU2STMJ93KO29I243XXX2DVLK819VK5', 'AQSF67VDDY737VTK2491V U MYXRCN11AWPENYAG2PYI07IF3E');

insert into MATERIAPLANDEE (_CODIGOMATERIA, _CODIGOPE, _NIVELMATERIA, _PRERREQUISITOS, TIPOMATERIA) values ('2EYX K1 6Y45XQR4B53B07QNPOWP5 ', 'N UNO8FERF2XCKGXQJ53Q2USVH75B4KTI61XJ5KNL6QNOF9X3G', 'C', 'FCFEX3WWGAACRV8WV1H460G6VQ8YN4C320N9ERQ4FVFW7XJA 1', 'Q6FSF03LJRMSWI3WF2M9Y9N5GKB7J USQPGQ6US0UB0X BKDPQ');

insert into MATERIAPLANDEE (_CODIGOMATERIA, _CODIGOPE, _NIVELMATERIA, _PRERREQUISITOS, TIPOMATERIA) values ('DUA12H6JIWDYTKE35G2KPY7MR 88A0', 'CNN2WP5FOEBY9QJ 2FE38A UOG2OWM1WCS3P80MK6JOIEL2LNA', 'D', 'MOBBD2V2JVJ6R4I S0BQSGRGDI6EUC8XYT0BHVYWCBQXA UAWO', '8GXH D5HFT61JGWJ36GYOJKC URQUITDLDX7Y N6C8L5WVPFD9');

insert into MATERIAPLANDEE (_CODIGOMATERIA, _CODIGOPE, _NIVELMATERIA, _PRERREQUISITOS, TIPOMATERIA) values ('XHDE31WXQIX1HLC6R2Q6RX9D6C1D5N', ' CVEYNIN17VSGB 3JUOHCW1R6PG8LQVKJ8QDPBBAM JFHOLX59', 'E', 'VR0AH48 G3RE Y DW7C1YXPE07RJNEUY7HO589 TWT8X2TYVP4', '2D2JY60KGE7N41Q3U06HNS0XN1Y1IRC216UO5PI0L5KEUHRNVL');

insert into MATERIAPLANDEE (_CODIGOMATERIA, _CODIGOPE, _NIVELMATERIA, _PRERREQUISITOS, TIPOMATERIA) values ('YYHITC1XU71IFFLXS9LASR61MCUU9 ', 'Y1MW2Y9JQWUO8Y232TJ4K7M07XBKVGOVR1ULGV XJ2K6N16CXO', 'F', 'U87CFY8R7U28A6LJ8R5RA4B9GIVLWI5356MO5E9603Q0MC9CJ ', 'RRP3E9GKDDBL5LOPC42KY VW9XW3S0HUB62HGIFR9N NUOLCGD');

insert into MATERIAPLANDEE (_CODIGOMATERIA, _CODIGOPE, _NIVELMATERIA, _PRERREQUISITOS, TIPOMATERIA) values ('AQS2DR1O8R5XIJAAAGVOEDTUP5BB5J', 'YS4YF93VDYWLMIN KJQ13 0GSKD35CE4MQB04TC68G82263QIU', 'G', 'VUNPM0WYDQL211OVMV6W01RNTF13ICNUM7C QJE6Y5O15U4E7C', 'BYU9DS7P1VWYDR2FR29W8UC35AL4ORODDUQHF2WORJA9LJOOOJ');

insert into MATERIAPLANDEE (_CODIGOMATERIA, _CODIGOPE, _NIVELMATERIA, _PRERREQUISITOS, TIPOMATERIA) values ('E5 MGM6PRN8YTCLG71O250SQN86UTD', 'XP Q85MN6AXKCNAQTHFQZ0K7QDRRGFK3FXQ96FEV6H3HL1X6PD', 'H', ' BXKGOY7NXBV B6Y2U90LD99IA70CL PM7740WD6JIXTFXSRP1', 'TIV4SB8IMM2PYFGP65M683EG6LGIFGEB8AK4DBE14T71RCLURQ');

insert into MATERIAPLANDEE (_CODIGOMATERIA, _CODIGOPE, _NIVELMATERIA, _PRERREQUISITOS, TIPOMATERIA) values ('2TPA5YEHITXM8CLES205E20GETEU15', 'P3VUASRS5B0GSG1L0PPXI2VBWKXBN1IE13XEEF1DATYIBLYA78', 'I', ' 86A7T56Y69JJ QY4YVM5SHXSOG EM6L18QEIOXFLWV7BA1PNJ', 'VOSQ1LSGI70PBFL8UICKM5C6UW68K25MCCLPIMDBO8STOL32J2');

insert into MATERIAPLANDEE (_CODIGOMATERIA, _CODIGOPE, _NIVELMATERIA, _PRERREQUISITOS, TIPOMATERIA) values ('89MUR06QW6 ES4V42NM0XDN5KWUWFT', 'MILQ7A9FYTRP432UUQ2SPYXBDKIQSGC NCDTJKQJ86M7VQ5LA3', ' ', 'WIC0TMXH4NS9MEXYPHYJ0R67CCEH06P97HK9JMF7Q6ESV237VJ', 'JUOVK3 HPOYY 2H07KGW8L2EKIE6VKQT9F3V2YX7IM4NY80RP7');

insert into MATERIAPLANDEE (_CODIGOMATERIA, _CODIGOPE, _NIVELMATERIA, _PRERREQUISITOS, TIPOMATERIA) values ('7IIDTTD31DXXAPVSDYKCNXFI5GQTV5', 'N5B5GXAVWMKA37CUTTL7IL78V GECJT4N8SDXQLX3IPQS49S R', '0', 'YKBJU16UFXXSAF7K1CJMGSW14RNU1QANG6LTP82OMCUNF6JYCF', 'CCPI3PQ 755CSTEY6E9X7K6G60R6YSR1CM3AI84SO75XEEDG0F');

insert into MATERIAPLANDEE (_CODIGOMATERIA, _CODIGOPE, _NIVELMATERIA, _PRERREQUISITOS, TIPOMATERIA) values ('FD5RFSQQNH6OBJ4VYJGV7DGB9K5H7G', 'I0I587751 8YVOPDIT0W4LY91JF1R528WI7WLIJ85375UVMD8F', '1', 'F04YHUC3DMB692VCD9XI32MVMG6N8 S6NTNFOC44A0H3F96C 9', 'F6O9VX2J8XMHJRG0V AA7X3P6RG02EIL1RI699GE2DKBPKFHDK');

insert into MATERIAPLANDEE (_CODIGOMATERIA, _CODIGOPE, _NIVELMATERIA, _PRERREQUISITOS, TIPOMATERIA) values ('5PCYV5G8HL 7MUNJ8 5AECV9MJGQD6', '2LJXG5U9N978HBO3UJGWWCQ77E06DM4Y51IBP2P7R4TMSM8V7R', '2', 'QIHBO1VMLTJ51KBP7TVFWME65YNRWXGSBUV LT 6ULX4F2H 3M', 'P9XSJKI677YNB6IK2BL0UE59O0J1UK4 ASR4VHHF4S2HV2BH3U');

insert into MATERIAPLANDEE (_CODIGOMATERIA, _CODIGOPE, _NIVELMATERIA, _PRERREQUISITOS, TIPOMATERIA) values ('FKGJD5XCV2781JWK93C T9 797TYAA', 'VEI33GU4J92 QWWGLEYEPHQ P4MBCSUDV9QP1WGPH5 W2MN455', '3', 'V8PPH Y24C28NJ X5MNJ4U0T9QPHUPK9MW4Y40IP9W9R9T04E4', 'M6I BC2DQ30LJ1XKQ6SPGO0LWKDVY9J2M7GAE75DN52F6EOJEJ');

insert into MATERIAPLANDEE (_CODIGOMATERIA, _CODIGOPE, _NIVELMATERIA, _PRERREQUISITOS, TIPOMATERIA) values ('6UNPJL0MCDTA0FRW4TC1APMPKQV3QR', 'P4BY5AXVW47IW4A42TP9YIW3JAJ6DBLRINDABFFBL7EK5T S7P', '4', 'O BYC5LW91 GW1FW9BPFJ3UFKGOLQQ3F0B8J 9CTXE6LI7VPQ6', 'O8U XRI UUXKNHEUJ3DDO61 VOKQ RT7SM2B7HH83USY PACDU');

insert into MATERIAPLANDEE (_CODIGOMATERIA, _CODIGOPE, _NIVELMATERIA, _PRERREQUISITOS, TIPOMATERIA) values ('EQD9Y 7O3CQQ2N5TERU2RTV G30LWF', 'N3Y1NNDPVGPF5Q405X4V15WCW53CMF 3VROQJO53C3YSYUHOB2', '5', 'B1S9V7MP4HHWXNK3GA7O5P4NJ0PVS2OBWE 7MJM7KSNRW1RBAH', '59K3AT4J9IIELM37KJH4X6NG6YDK7BAMO84JA69VX87VWMDTUG');

insert into MATERIAPLANDEE (_CODIGOMATERIA, _CODIGOPE, _NIVELMATERIA, _PRERREQUISITOS, TIPOMATERIA) values ('23NOCI48CIOA8ABFS0HW769KYHJ2OT', '75KB3T5DUKTHDAQC35A9U1II3S45NS RRRM4PGX06E3LJ30RPS', '6', '9TY2R6YDW3BTSX6MXTP 86SHOA92JDS4G1YGBW2YJTVYBKKJFW', 'O8I6VVOVVYISI70GW6G5J955BOEE63FQXIFVWY 2W167YX64PQ');

insert into MATERIAPLANDEE (_CODIGOMATERIA, _CODIGOPE, _NIVELMATERIA, _PRERREQUISITOS, TIPOMATERIA) values ('ECK 7WY7RWSQ3OHAYO8IS5WDB3ERDE', 'HTGMDYOUK0SUMQPAT1CKGOJRVSQWWNS9P09GED1G62C05MKALX', '7', 'X6O5C30CLAF2UU5LNMS1BN4V4N 9DLB5H Q3JY4SQHEK3YOMUH', 'Q2 WLKCIBLV9V QRDFN9QP40OECX89N4LTCL0M56B9K6QPV1KC');

insert into MATERIAPLANDEE (_CODIGOMATERIA, _CODIGOPE, _NIVELMATERIA, _PRERREQUISITOS, TIPOMATERIA) values ('HY5Q CGCP982FV UOG60RNDI3C6T6C', 'T2CR0NHCGJ1I75CTKNDL03R6UXTPLFDW1CNFC25RBGDKI4QGXX', '8', 'PBX231392EMXI6RDPEIYIASJ0H FG8L33SXG  07ES6CWIHHDV', 'RXNVGC M8V9U5H0KAV2CSQQV5FNABGTJRTIL5LNIV5EPT L 3X');

insert into MATERIAPLANDEE (_CODIGOMATERIA, _CODIGOPE, _NIVELMATERIA, _PRERREQUISITOS, TIPOMATERIA) values ('Q0XVS14264H2QK8E9CJU QOSN6J4YV', 'K598 JXSD5NBEB5CSNY20W1MCTUT5H0FKEYIGOHAWU7OWUDIL4', '9', '5MRH5HCURTVC7PL 2OE8F5CNK8FKMM4N48FWIK01CEFUDO9QXB', 'LQLAC9A692ECFDVE2RPGQ5CSTMN2D2YICM95HOHB88Q67J5T49');

/*==============================================================*/
/* Generate test data for the table "formatoPG".                */
/*==============================================================*/
insert into FORMATOPG (_IDFORMATO, _IDPLANGLOBAL, ESTADO, GESTION) values (18, 11, 3, '5JRS1ESB7Q6S5JJ3R0D6IG71EXAW2OPVB3DXMYXOXIOA5TW6R9B5 UBB09TC');

insert into FORMATOPG (_IDFORMATO, _IDPLANGLOBAL, ESTADO, GESTION) values (7, 18, 11, '8EYPO5VD95KGOA3DE0F0WVOGO1F2M5NQPI3Q YR Q0RQK VWP0SP0N84QY5S');

insert into FORMATOPG (_IDFORMATO, _IDPLANGLOBAL, ESTADO, GESTION) values (9, 16, 4, '0M1N66T25X 0IALGXP03O9QD7M7L042W8TRY49WPDL32WC7GHN3KM 1XSWFQ');

insert into FORMATOPG (_IDFORMATO, _IDPLANGLOBAL, ESTADO, GESTION) values (19, 13, 19, '8RVPK251T82L6R6907RJ685DPYI9GT7SUQ6EMT L896ID9T1MLHC80TXVNX4');

insert into FORMATOPG (_IDFORMATO, _IDPLANGLOBAL, ESTADO, GESTION) values (4, 14, 18, '4UEG3IR58QPS84270549GSJG6O73S8680KFR0BBYMK56EALAGLR8UT7ES304');

insert into FORMATOPG (_IDFORMATO, _IDPLANGLOBAL, ESTADO, GESTION) values (3, 12, 13, ' G54LS68EXMR69RP4VOBA0XL2CSI5ADNPSQCNG4PVVHFNXIQJN7RIVCH1NK3');

insert into FORMATOPG (_IDFORMATO, _IDPLANGLOBAL, ESTADO, GESTION) values (10, 4, 15, 'NF2T0BX98M9JR9QP SW1M27X8T8DKRXDVTC0QTN6OJ2E8W88JAYT26N3 QF5');

insert into FORMATOPG (_IDFORMATO, _IDPLANGLOBAL, ESTADO, GESTION) values (8, 14, 7, '688GS 06GN BLLMD78VKS 7LDQKFIJ756DXDKKCJMYXSWEI0FDM7NKRFV40 ');

insert into FORMATOPG (_IDFORMATO, _IDPLANGLOBAL, ESTADO, GESTION) values (15, 20, 8, 'TFE2O5D0QC7UDELMRLU7E2DH8X9OKE2R9MF1K347 906ND1RM48ACR6QW5S4');

insert into FORMATOPG (_IDFORMATO, _IDPLANGLOBAL, ESTADO, GESTION) values (11, 10, 1, 'BAVMGM6LJHNPFGO08YF09YV DJ03DC30S5LD812O08I5D7LAMSX4OAGFA3XO');

insert into FORMATOPG (_IDFORMATO, _IDPLANGLOBAL, ESTADO, GESTION) values (5, 6, 16, 'MWCYD0DPSK3L7W83FWTA49RR6G86PU1IVBBX8JH8K7R36PFYH5SSTD4HCYY6');

insert into FORMATOPG (_IDFORMATO, _IDPLANGLOBAL, ESTADO, GESTION) values (16, 8, 6, '6MBDLFBUYDWHC0KNIQYOGDX6 V0F7IC7YWAC85Y501ILY9XAJ5RANYJXK7NA');

insert into FORMATOPG (_IDFORMATO, _IDPLANGLOBAL, ESTADO, GESTION) values (1, 3, 2, '475 X6DL32MB8L5K3IHM9OGJ6 LY9CR9XHLVKD4SGGSB6Q 5SXYUJ32I RBW');

insert into FORMATOPG (_IDFORMATO, _IDPLANGLOBAL, ESTADO, GESTION) values (2, 17, 20, 'G9J2R4M9303HYQGE4S70CWLI0QP7CUGSDN7A3 QUICV3HH3C5R2NCV5I1NHI');

insert into FORMATOPG (_IDFORMATO, _IDPLANGLOBAL, ESTADO, GESTION) values (20, 4, 14, 'RVA0XU0FN5YSN83 7FR94DTLNIW8TKI92OMFWU8XFVVO07FGKH1OPVR6EMPF');

insert into FORMATOPG (_IDFORMATO, _IDPLANGLOBAL, ESTADO, GESTION) values (6, 20, 5, 'BU06C7S9UA63QKLF0GKNAP0JA97O16WAAG6V KN62H653PPHRT8NF9A736J9');

insert into FORMATOPG (_IDFORMATO, _IDPLANGLOBAL, ESTADO, GESTION) values (13, 19, 12, 'A9ED848VM3M7NDL8E0DJ6S7G8J3E4W4147MOH4GM77MSHLVERDBU I7YB13B');

insert into FORMATOPG (_IDFORMATO, _IDPLANGLOBAL, ESTADO, GESTION) values (14, 8, 10, '3DD TEIK4H6HYH4U8EFJMRPYMU4WJGJHM7R0XGKT0TOOCO3LBQPKMCCVD7R2');

insert into FORMATOPG (_IDFORMATO, _IDPLANGLOBAL, ESTADO, GESTION) values (17, 4, 9, '0M5X0MRWA3SOTFDD6Q3QY687SGH 9Q106I7 DLVE08QQ 9MNJO5C6 I5DKY5');

insert into FORMATOPG (_IDFORMATO, _IDPLANGLOBAL, ESTADO, GESTION) values (12, 13, 17, '57TAQ9LGLMN3IYH OXVFPQVXR04XVC3JM229N6MID OIFENUXOKNDBDCAUN1');

/*==============================================================*/
/* Generate test data for the table "cargaHoraria".             */
/*==============================================================*/
insert into CARGAHORARIA (_TIEMPO, UNIDADMATERIA, _CANTIDAD, TIEMPOPRACTICO, IDCARGAHORARIA, _IDPLANGLOBAL) values (14, 'YPQHW8 BY  CLUT2WKYSJC79O4Y1N8OX U9F2KT53DJDD4OQQ8', 13, 2, 6, 17);

insert into CARGAHORARIA (_TIEMPO, UNIDADMATERIA, _CANTIDAD, TIEMPOPRACTICO, IDCARGAHORARIA, _IDPLANGLOBAL) values (9, 'CV17AKW2LNX4GM48H0U4DJHE85IDOT5B3A8WJPLMI83VOME CR', 9, 4, 9, 9);

insert into CARGAHORARIA (_TIEMPO, UNIDADMATERIA, _CANTIDAD, TIEMPOPRACTICO, IDCARGAHORARIA, _IDPLANGLOBAL) values (18, '1 RBV26G1LXKTYV9QR3HLD5PNGVK6BAK4S779J5DUKF1RJXFXS', 18, 7, 19, 13);

insert into CARGAHORARIA (_TIEMPO, UNIDADMATERIA, _CANTIDAD, TIEMPOPRACTICO, IDCARGAHORARIA, _IDPLANGLOBAL) values (12, '5L43FFSDM00OARFWVWY7BHIP986JYS1PWNLQV3JVIEUOV20C W', 20, 18, 11, 10);

insert into CARGAHORARIA (_TIEMPO, UNIDADMATERIA, _CANTIDAD, TIEMPOPRACTICO, IDCARGAHORARIA, _IDPLANGLOBAL) values (3, 'JHHQH J3MM8Q0SN5PBJXOT63S 1LQSUOW3YGV5GDWLM5L2MII3', 1, 10, 17, 4);

insert into CARGAHORARIA (_TIEMPO, UNIDADMATERIA, _CANTIDAD, TIEMPOPRACTICO, IDCARGAHORARIA, _IDPLANGLOBAL) values (19, 'YFSRACDKDW9JPN6UJFPK4V4GE9C742AF8L7UJD9F0W0JW0RMMT', 5, 12, 20, 9);

insert into CARGAHORARIA (_TIEMPO, UNIDADMATERIA, _CANTIDAD, TIEMPOPRACTICO, IDCARGAHORARIA, _IDPLANGLOBAL) values (20, 'D4RU9QDU4 FGVSWWGU70XB8694WRHPB3KFFYET JHS3E7MGEVD', 8, 8, 4, 4);

insert into CARGAHORARIA (_TIEMPO, UNIDADMATERIA, _CANTIDAD, TIEMPOPRACTICO, IDCARGAHORARIA, _IDPLANGLOBAL) values (7, 'D03CYOP CKY4DCT6OHMHAQKVFY78SHSO8RG8OEUVCUJJOIP YD', 17, 1, 3, 13);

insert into CARGAHORARIA (_TIEMPO, UNIDADMATERIA, _CANTIDAD, TIEMPOPRACTICO, IDCARGAHORARIA, _IDPLANGLOBAL) values (10, 'IBT69VQCBCWFOP94Q55BY9QCCRXKK2RDU2J273DQDUBVP1XWVE', 19, 9, 12, 11);

insert into CARGAHORARIA (_TIEMPO, UNIDADMATERIA, _CANTIDAD, TIEMPOPRACTICO, IDCARGAHORARIA, _IDPLANGLOBAL) values (5, 'PT19EMTRGVHDM8SM02UHQ8DT3XXWSO5H3P N97NP18DH1JP2C4', 4, 16, 10, 19);

insert into CARGAHORARIA (_TIEMPO, UNIDADMATERIA, _CANTIDAD, TIEMPOPRACTICO, IDCARGAHORARIA, _IDPLANGLOBAL) values (11, 'EO9QQIS248D330P8CU9KUW3TXLMUBL4PVWF609K6TJALITD0J ', 3, 14, 13, 3);

insert into CARGAHORARIA (_TIEMPO, UNIDADMATERIA, _CANTIDAD, TIEMPOPRACTICO, IDCARGAHORARIA, _IDPLANGLOBAL) values (2, 'C MRG8KL KJKIL02OB5L2LE15KJTK1PSKOLYKIJ0Q2NJ52DSJU', 16, 15, 8, 10);

insert into CARGAHORARIA (_TIEMPO, UNIDADMATERIA, _CANTIDAD, TIEMPOPRACTICO, IDCARGAHORARIA, _IDPLANGLOBAL) values (16, 'B8G YMMBJ35STOXUJ7C0V1JJ469QCALC01GIFRE06YN2KPIILG', 6, 5, 16, 7);

insert into CARGAHORARIA (_TIEMPO, UNIDADMATERIA, _CANTIDAD, TIEMPOPRACTICO, IDCARGAHORARIA, _IDPLANGLOBAL) values (4, 'ALDK45TALM FFBXYANIP6RDS24IKEL3SEGL27 SXE78SM656RB', 14, 17, 15, 7);

insert into CARGAHORARIA (_TIEMPO, UNIDADMATERIA, _CANTIDAD, TIEMPOPRACTICO, IDCARGAHORARIA, _IDPLANGLOBAL) values (1, 'O8PKE6WNXNR0SF88XOK F7GCRKU9 15W5URDQV8NV PHLSU H9', 10, 3, 1, 9);

insert into CARGAHORARIA (_TIEMPO, UNIDADMATERIA, _CANTIDAD, TIEMPOPRACTICO, IDCARGAHORARIA, _IDPLANGLOBAL) values (15, '  CF4A1LRR YA3 P6 5PNM89GPPET38A9SH29PBE2S2LL2 MR4', 12, 19, 18, 2);

insert into CARGAHORARIA (_TIEMPO, UNIDADMATERIA, _CANTIDAD, TIEMPOPRACTICO, IDCARGAHORARIA, _IDPLANGLOBAL) values (17, 'RQ9FLU89PYCHUVA32R9OL5JEDQXCR0EFV6SCFOALCC1CTTYHL9', 11, 6, 2, 8);

insert into CARGAHORARIA (_TIEMPO, UNIDADMATERIA, _CANTIDAD, TIEMPOPRACTICO, IDCARGAHORARIA, _IDPLANGLOBAL) values (13, '0NPOXIBBQWP10F5EC3WGW5QK3DFJ6ESH0K8H1 NFY3YFHKIVPP', 15, 11, 7, 7);

insert into CARGAHORARIA (_TIEMPO, UNIDADMATERIA, _CANTIDAD, TIEMPOPRACTICO, IDCARGAHORARIA, _IDPLANGLOBAL) values (8, '0HE67TAMQ6WARK8PJOPKCB3PFNU84A3OIQ4XEEUKJF2GTP6QS1', 7, 13, 5, 14);

insert into CARGAHORARIA (_TIEMPO, UNIDADMATERIA, _CANTIDAD, TIEMPOPRACTICO, IDCARGAHORARIA, _IDPLANGLOBAL) values (6, 'SXPE6WWS2MGGAYXSHG8TJ3GSR3LBWRW27LA8RATJ6YBCMUL UT', 2, 20, 14, 14);

/*==============================================================*/
/* Generate test data for the table "seccionAdicional".         */
/*==============================================================*/
insert into SECCIONADICIONAL (ID_SECCION, _IDPLANGLOBAL, TITULOSECCION, OBJETIVOSECCION) values (2, 18, 'I5F495OISJJM0V2QWKEKJHGOPLIJLLCM1UJ1KUV3P01R0WRW8RLHW0GSVI2H9CFSV2QM0U', 'T03TGID1SN6DGTHMA7J70I4NYVKIK MTXVDQ 4TQFSMLGJMO4JM6 U06XYFCP3TTI47 LB1EG3GLX5VQ0LUWFS73FUJPUQYE1KBMEXUSR769KXW0I LBR7HDYDJSIL7G3MVF8R YC8N8P0A1BTR34XK84 HNUFJ3J4F0JR2BGT5VCPIKATLRCU 6PJW3N YR9KWQFSMFF5DG6A QG4RKTV9XMJMQH386DVOSPR59S DWG2 V HAJN RK X VEL6');

insert into SECCIONADICIONAL (ID_SECCION, _IDPLANGLOBAL, TITULOSECCION, OBJETIVOSECCION) values (18, 10, 'E MSU4KOX82F5W0H16BJJI0YV55MTR6FLFYPPX9PGGGPWNNRSBTF4B2 96T1L713C40AAA', 'D3JJ4ROX 5JO06EQN85PKM4UF19OQ9BFMVLNEOIA3EL7AYOBXNXU75CO45LS8H5JFALK68BCBGH833ARYV40V9OEKWGU2620P0MCQS46PI1HIIO 6RLWQQ61X  QQ405JXBB3F1RKTN2FRCTE7QLRW INBTUIQYBD3TA5U6 JU7JI6R0OBFMPT7NIV5UG3XNUPSIIDPNG66T8LH7AF6U1617HVOXEW 8X3HKL3TGIKH8SL2WVWWN3CNTXLLK K7');

insert into SECCIONADICIONAL (ID_SECCION, _IDPLANGLOBAL, TITULOSECCION, OBJETIVOSECCION) values (1, 3, 'YKPP8FNFYVT13H3FW3RQJDYORE15SQD9U2KJ 19W71TNIONED501UHRPW6KY2UOQC5GW3O', '4WRLGLMPY5 OK7D5MAC5PYAA1DMQSM5P6ACFNGDMQ3GRX9UAORHY6GP8CQJCVGCM8VORYY9U4C7AWJJ7CP7VK9XR4569NHH5 SRYMMYOI7NDFFLLSVL0UTW7L0HV8EMH3EOW9SRH27ANX0W439T0CA8W 2L18TEV1CQY INM 8V947XM9591TO99CBR7MY5KBJD26P8I8F7W8RTT66ESERWPP GBSYVW895OR0SKU6BST4FJM5YHQ3ROXN8UIO5');

insert into SECCIONADICIONAL (ID_SECCION, _IDPLANGLOBAL, TITULOSECCION, OBJETIVOSECCION) values (15, 10, 'OK2LXT9Q3KI78R RYU6CEGH31L5XC7P2TXG2XNDWR8PF4 0BHFO JWDMAKBLR5SON9K41M', '62 VT0V78L6EOWJ7NA8RVP 3NU6UU0RDSYGF0JI429FQVW391TTRARKT45M7UVNE3YSV9HYRJJ5T4KKDLQN4INQIOGGDW4KWK1AF7AY 9 W9T6L 9EO6WK5DVBAJN5H3M3LHYW3DR1IWUBJ6076BC49AB4428T7XSWMJ5LP5Q42OL0LQVDP69BCTN87IBC9 J4JCY2W5SIYN0PO1V02JLKD4JW0J3D0HHETP4GNXLFU4J9J427EBTN63N9E0BXJ');

insert into SECCIONADICIONAL (ID_SECCION, _IDPLANGLOBAL, TITULOSECCION, OBJETIVOSECCION) values (5, 16, 'I17NIKDXUN88VAV8VW10L226RQYHVJ2SPULSYIY4DY59WHDU3L WGU0GKKAA9IHYD Y62E', 'A567MV9LMXXOI7VPRKV2LYUB6SDEV9HT06WR9YF84G2NCJ8FAHWQMJQ6LN6FBPVGS8VRXQ9SU1PBEMESQ02ERMDW52K4M CYIYAT4 IB0FPGJ0TOSB09LU8DAUADAYMKO2BSG4CMDIS3SUDPSMBTSB3C6U2GW1PAGC UO09BF3KMETCAR7GW8O9ALYFS835YPH6ES4AR85LOO2EMBBVKY6EH 4X79NS5VCS7UEQ5MLC54BNPTBT73JJYE8XQ0NY');

insert into SECCIONADICIONAL (ID_SECCION, _IDPLANGLOBAL, TITULOSECCION, OBJETIVOSECCION) values (9, 16, '2DT DRVERPT2MIN0ENWYIKQKUUAA0YK4ERCMK9L1ACRIPX6 808OQANR6M18H7LOAPSF95', '83QK83BED0C49GVK96IIF0 6KOCQPSLBD7J4SYXF6GG7GGG3V2B156B7W6FKRYL HMM3F0RF2PYQI3EHUQ4GK8VVD IJR25HAGYV  XDC6VUFJKHA4EO7 HW4TPOWVFQAHGWKP0O1WBFL3B83TKHSEJD513WN621Q35EM9840LDFK5J8W36OEK S6QU2Q275PF0LSS6YWM9M8CQF7TRUCR82QK3W7PL6254K2O5Q404PQGS46LVK7E9J3V22CFF');

insert into SECCIONADICIONAL (ID_SECCION, _IDPLANGLOBAL, TITULOSECCION, OBJETIVOSECCION) values (11, 1, '3JQNDQX68B07X11CPC0 014VH6G3WK5QN8EYW945BRUA 3MHVOEWBIQTXY962XX9VL41E7', 'PDPKCPFTHTG69KC94VL4AX3LWCOY3QQHN32GS8OIO19OTF56J3Q4CMJ9BCN2G892DD0XQF8 3GEWSB13YDIK1TNU9R3OJ0T0N5V6WF3M1NK6HIG3B243J6HGQ004KHEOM8NEXLEA2Y2T4MWT0CEHWQ8O2B QSD2YW40TBLDCBET6UH2FT3VH4S9R0MCX8N59G4AQIBIR6XFQP7ULW1NU2Y2BPP03XM1JNBHGV1D K68UN87KUNLEL1DMR5LPRTD');

insert into SECCIONADICIONAL (ID_SECCION, _IDPLANGLOBAL, TITULOSECCION, OBJETIVOSECCION) values (12, 8, '2P97APAKODBD UV35USHKLL 9UM791NEMJ2NICHQFKM3UOFX8LBDSGIYWH3WQGB9MA5C4H', 'AAL79N7Q0PL30I8C2O640C7YF49C8J2UJLKRK NICADNQ16KDRNEJYUU06667YHDT5P4RYEQ2FJ3JXDCBYY6XYP67ORO6NH07Y7V9ISNRKWDYRBC9GMW3QR7CVO1O4R CG3AIJHMJM  MYTC1U2N0N9FDBF5CU8OBG3A0TD61W465X0937H7OXRGM17KT35KU7TFB1M1H4IS5 98CXRY5O223F2GQ62D4BKYXTP1JC DDA8I9WPXH0B48CTPU6R');

insert into SECCIONADICIONAL (ID_SECCION, _IDPLANGLOBAL, TITULOSECCION, OBJETIVOSECCION) values (7, 19, ' N3LJOPNGTUO0DT8LNM6PMYBPY0I3LCT X0T67QE77XKNG3TFJ8P5FWX08PMUXWEGWGKVT', 'XVVHRGLE6H5A3HYUJUBRWSTVS3Y SU7C7DAGEIUPL2FVR80DTNV8670F85W VI75DFF52QUXLLI WGCB5PL8VUAXWJ8WSM0TRCJ2LSTPPW5ONVSFDNYKLYEMAUEQ 0GBS0BGJFVVIEHQSE2SJKUWPQV 5695NK6U3STA1C2LTX2STVTRV5JN8F7UB70MI4RVGMJFXCBAJYV7T7K PJP0TCSAT5DG1NP7T CFP7IQSG85LBRDJIFYRSXNTQDOB2F');

insert into SECCIONADICIONAL (ID_SECCION, _IDPLANGLOBAL, TITULOSECCION, OBJETIVOSECCION) values (16, 8, 'N0Q6EO8ONHESKVGL135JO0K10R6JT ATPYVHAB6A YO6HAVIFYVWWWRQISNGG9BQQ38JKP', 'J7 MK4 5QXBSPCH1X89C2MOY0K6WVK1MD75T1SK6T G6VTB 1EWF JP7YHE 4D8057NVB27BLKYN4YK6F73CX2VVUUEJCPHH 6 OVRRAADX8MHDMMETG03UCQO9LVU65RNJ3ITL6TUFXS9CKVF20MNQGJP41B87J5XWT8DNHYYLHECPT8CU8HX8DTA4MKH0KMWKHDND46FNPHV5FJX77I9LQ0FG2QBKMD33OK4PEUMQ7B7V0FI8X06IKBUBYBPC');

insert into SECCIONADICIONAL (ID_SECCION, _IDPLANGLOBAL, TITULOSECCION, OBJETIVOSECCION) values (19, 16, '0Q4B64VK0RL5O4GH6YNT9XRC670Q8GBXPHO2LSN4O2NLUKCSUWBI2W76D FK1WL0ECQ6GW', 'EFR3UOB72 J4JIUOHA62BHB99PUYS0PF3LS7CW1V7HT17XFU8BLU6QIOOXFO1UIC8FN3FO4AE STIOR7YH5P7VP22H8SY3J7T9KG9PNLKWFRS9T5WHUW2A1C1QKLTCCM6AE Y2SC2FD87BPJKWDN9LSUORDIPFLR3DMGG0XSMLXMTVQS 1078REKEGBWQH5BS8DMO4MKF5 CM79VJYSXC HW4FM8RW0ITDIDF9GX1M7UKUYA JB3URRW268YPFD');

insert into SECCIONADICIONAL (ID_SECCION, _IDPLANGLOBAL, TITULOSECCION, OBJETIVOSECCION) values (8, 4, 'TD A7RFBPU4SU0 Y9LM3COKAHXJ4XX0WBLDHEEB1MIJ57VNDEB0MOLLN5HXVH2CV7YITXQ', '260GIDLCNGDSMENI0KFW2UW52XWPLA KAB7CW5I8  IO5UQUMU2HAGGRHTLCM7U00 S HAP9RHWG0JH07WOP6NQQO62 N0KEJECR666QC49BS K8C28S59FITWV786 HR8AT0574MH052N V78JOQ3DLJCB812583HSVWHB10LFHGTXGFL5XFVSP05LWO0GRHKRCY9D7GUHJOR O9TDSS45NYGLQU6LADDY98JFLE1 5FMVCFXC5ED6FMT X9OH');

insert into SECCIONADICIONAL (ID_SECCION, _IDPLANGLOBAL, TITULOSECCION, OBJETIVOSECCION) values (3, 16, '249K1IS0J070USW6NNSEJQ1P9IIJDN C5LUPROKRUG87Q3XS OJDO4VFF8BD7HCBQ4IK6K', '9S3VETBWAWGKTEGRG5DYKW1Y9R48BOJD98ET2TEGHHNJQD8Y6A0X7WFQDQPMDVNQ0TCUCFL1M7Q1N6T4U53PY3S5BBA69NTDD3FUVTJW7O314LY7VKAIB761OW2QRUSEE7HE18UKY2L78HDEV PEHXOL8EJUCC83ATT TX TRYH1SQM7O9S58388Y8PW51M4E32RV6BPLMFT7A7E6WGD3GNOWCW3XVFF8SDQIA6MNRIKM3I0HWYG6UPWC9XB3T0');

insert into SECCIONADICIONAL (ID_SECCION, _IDPLANGLOBAL, TITULOSECCION, OBJETIVOSECCION) values (17, 18, '2VMW2CK2C5QQNXXGQ673RDJ 81S2LMY8BIN9CTJG4DPHFI6FX9SRYB7XIB2DBA5WV7H1PV', '5H47NONS7AN65R4VFSP1IA618P WBQVMSYWH11L7DY1B51DH7KGRIVA88J2GMM1G4LEH8UJGBAA8 KWG9CNO425QOJMKH4DI5LI C1 HI48LT0STSTGOWLOXRM8NYB0U77L197B4RE9HLS5I8UH42WW4VT2GXV2AWVJ6NL4338AG3X3CCIWOP1UGOAT8 7NN48TEX4V0TVQDR4T34XGJNSI25DPKKA M00D DC6HJRNK PHDXHB8IH1XKMFHUU9');

insert into SECCIONADICIONAL (ID_SECCION, _IDPLANGLOBAL, TITULOSECCION, OBJETIVOSECCION) values (13, 3, '25W L74JLUAI5M4Y9CHG3P W1YTYIFVOX8QYTW28JN511OFW2A017D O6 R3T9KB3U9LJ8', 'T15PPYGMW6GGSRPDRAOBPQ7IXEOAGS5RPWQVPIDUNWQ940SQQ34QBFM2XJB3879QRMXFJKLH05GL4D9UMHNDTM4WM0K64JSH8H6F6IC95NOLR831PW7LD1Q8N8IFR60EF20K GEV4FLUBUXO61WCK729IUF756YSE74XRCA3XRLKM6145W2 EFIAORTGTG6392C9OV7PH96FR EUJR2H8S0MH87NKN RW0QRBHWIJR0NDUK8B6JCV57L5RESO6A');

insert into SECCIONADICIONAL (ID_SECCION, _IDPLANGLOBAL, TITULOSECCION, OBJETIVOSECCION) values (14, 3, 'MTSYGG L4NC4I4ICNRGMXGD1JRVENPSF6CA2KP9QHP 8X7U7E6YQY5UWJXVFMFCH5TBEH7', '76RE7OGVETFY D1TT9 7LH7FJV39DUAN WBQT5V87XNYR6R2339YQQCKVPBVG6 DLOW5GLHRVE56SKTWMEGVWKSA0MRHO31AL31AG5YXBMWXEPYIXQ75NGKUGG2F3J1 LNL PINRI 5NH7KSOJI667F4M149DTAO6PM5LNQ2INHYG3YAH3LG32XQ314OQLY71JKW2168ASPM9R260PYPOMEWE1JIT0Y3UD1ILHOBYHYKE0RBYHFPLY H4K4RXLX');

insert into SECCIONADICIONAL (ID_SECCION, _IDPLANGLOBAL, TITULOSECCION, OBJETIVOSECCION) values (20, 14, ' 0TD78O4W9NV4D2UQPGLWJDAP 04GKOQ04FXJVT53FWPMO0G9W3H4MOB8574J95I0CQHQ2', 'KBA D69R0KMKUV3M72H4H5IK2V0VLT9ED6BN2C0PPB49R6MY13OC755UUBO5BSCL39CJB6RMGAPYMGMYLUYR6V49O4SIFOLKTB8F181BXR2W19KJD41BT8332YHVIV44C8NE8OOGGVSMPQ9EHSN8SM5C6MSCE9IU6UAS35 G1YCVGK00QRD UXSTUUMD 9P4E2M90ULIC84SCXFOKXOBXMU4JGVODU24SU6OHGMLO2FPIJMF29YB5ONMFA89UID');

insert into SECCIONADICIONAL (ID_SECCION, _IDPLANGLOBAL, TITULOSECCION, OBJETIVOSECCION) values (4, 13, 'TYOAMFGY3GIKB6 MTV1X9GNFH4EM34UVQNN3CQWP4MAJ385PMQ1WQR73PLEKXU8I7ORPM5', 'RS58A6AKG0SH8BP13 QKBPNWGA6EFS9SSG 3JW2COYRCC85JARCNX0JPKK1XPSPXPJBW6M58KSF36W9GEG5D2NYKOESAYJVQRGAQ9IDY7G7LA4UGNS7RVB E9IFUAWEM28XK3U3OHKLPEVAMX5NPUVAJLCVV4YFEGLEAB28V3C25K8JH0JM2PC1PSY7L4VO9JWUORS7HHO6L3G0YEP9LGXY1L4G2A BUR6FFMR0UU6IJN0PBEYSXGY83P6OBUT4');

insert into SECCIONADICIONAL (ID_SECCION, _IDPLANGLOBAL, TITULOSECCION, OBJETIVOSECCION) values (10, 19, 'FJF677B0M6G4V96LVIHB0FPHJCAYLP36XAVQNPYWNH6K0V8CN0X506XUMYOTIBB6GVXBSR', '493E5BX5R80NH1G4C3BFL8XOSH718C0CK1  CLBNBE27RIJA4CFG4PHJJ5VNMLDS0VVGGG623YWUNH5S6TN5T FP1MLP8NWTN9C4R6VH18OBBOBQIWXU HQIHOBFNXQ96JRCIC0KKD89U59QFTVWSYJUGTR0G33KLR1ITT7FFA2H75D OJTOBE24YE8R11GMEVTYRPDSTPCRAA35FVPMK1SABGPYS FWGHD79FIVB2VWXE6H9B36GGAVDVUYWHR');

insert into SECCIONADICIONAL (ID_SECCION, _IDPLANGLOBAL, TITULOSECCION, OBJETIVOSECCION) values (6, 13, '23S875OCIDQ5QAYC3LP KWNC GFEGDJSNQV6I8WTOWOK2E65SC9ALDVER8G4YROTRW09KN', 'F 2MN5OREWN4SSNFQ599TRHBVBBW3L9COQT4T7GGO0H79HFS7FR4368QTQ7VTVF9QQR684 2IGFW8JGHPYR9ID3NSNRDHQ9P6HOMGFT98E1NODQQKUWVMUS9FH ML2G25V313LRSQJQKJBH1PRNU318WU2MJNMVW98ENQ1YNFTODTMA0JO9QJ9O5QNAR54PVP8QA21QV8QTGLEYE  PPMRNNAT9GM4FU70YIRSSSN4VXWPL4JJUM1PY98MPJP5S');

/*==============================================================*/
/* Generate test data for the table "contenidoAdicional".       */
/*==============================================================*/
insert into CONTENIDOADICIONAL (ID_SECCION, TITULOCONTENIDO, OBJETIVOCONTENIDO, SUBITULOCONTENIDO) values (2, 'HHV7IRFRY0NIA290O221F5GVNG7MMNHNV6ENTY5S303989I6PWW3481NSWUX54Q9APKL8R', 'FQFJWOJFNMOTW3MTE4QSFO05D6HOC6M2HA7IRQB FEUPEU3GM04 5C1OT17IYNM ECXY9 YJ7WROCWFB3CBB4P3V0JI6H8NKSGDVFO0PIUE5UDGWIEPQM PG0PJFSL31DMM6Y2YDYK5AJF21O050NG9F14UWEC8T1G9H3F5ODVP2T8XTJIVNVG32HUEVJ66NT068V3U0O4A8P ON9RJ KBF WJLJ1U2JY RMXFA418GBVYV43564PFE  C6TD3U', 'K6XKKLEVRHLPVFSHDW6WQD000ANTN8D7W1VC19IM9HPRU9444TXHAEFX1OLFOL0A2EAYGH');

insert into CONTENIDOADICIONAL (ID_SECCION, TITULOCONTENIDO, OBJETIVOCONTENIDO, SUBITULOCONTENIDO) values (18, 'OB7TTU91DR GYN50EI7XO4TO70YPR7JCWWT33U3N7TOOKSE5Q8S0E6YM3MTGCKOY7H876N', 'STHRNHTI0QL7MLDW8HL9XV528KXCDOQE V7B2KOIX56V8WK562MM1EYB4OKOOUIK TF0FPH6FXGB0FVUFJ5KY6A2DGY619D1XHVT37OCCRGONHN5TURRUTN1X9E9H33E7VU35YSQSLQMJ A5D0H9PILW2KPQT3O6J35NIIDW6GD3WJ8SGBWLD6N7B 9SNP0TXH5OT4 F6KYKQFWXN35NDEFHIBV2D13MMHQRJO8QRANUTKTDXWVP3CI3QI K5UX', 'HX48TNOG14TDFVBYY83IRC6M0I3DGUOT6VNLW4 V8Y5GD9TFIREYGQJJU1PQEY49I31LRJ');

insert into CONTENIDOADICIONAL (ID_SECCION, TITULOCONTENIDO, OBJETIVOCONTENIDO, SUBITULOCONTENIDO) values (1, 'RJW0UPY72YI2WLNRN62ID6GXRFQVMKJQINW0KBCNCUIHS1SOTWCCXJS1C7HRVNQL6N15HP', 'T6OBWXOS46645PJHTEE8HLWLADOJSXHIKFWTI C9VWVK5RLHULGY3ULDB320HF2 XG0RFIJF4S8QU2KDX82A1ILI8U4D 7ADTN34V4QYXWAVPJ1RIDE0A2PT3UD6VIIV4PFGF43M8L4SLV8BXARE5RH0RMKH9FSLLKDT6PH9XJ3TRIYOBLMCCN0Y3XLVKSSQWHHUKSBNSOMTVQRLV5M51I4GTUHIPAVJNXHME1RNH6D61ISTM5IRS ADKQG1XA0', 'K1HLCH5B2JLH0CYLP500ABDKV9P14VIR5Y38V9JR3GVM8U0V85S0AWE087UUS2MS2 8U7I');

insert into CONTENIDOADICIONAL (ID_SECCION, TITULOCONTENIDO, OBJETIVOCONTENIDO, SUBITULOCONTENIDO) values (15, 'APKGR 2L0WUI04BFF5VDMX1V0ME07XA3C4RW62GAJCFY8KK GH04ULPNHK1CUAEE1J9G6M', '9BQ7V  L6KJ3UOPW2G 9MJFLNU8UMX V79YOQXW94LKP8QWJ6ADYMN U7486 SERMS 3 BSVHXACCGFVYSCUCWMF0RX3E0AOX5FRUNJ66V17OLGOAO6CQG1G20TFNH57HE764SPK8MGPC7YF3HE1EWROD0N61JDMOKJ 40Q4QCEEUTK79PWLF92G0VGGEW W LW Q RLQ130CDUTQORXEV0V2KKK4NXLUA23BVSBBMYFG52MKPF2IKGMNYLX3CU', 'PIETR6HKRL5L6AA5RR XQ9XPRP3XQYXT1M4MGR6EH 20XQTLXGHMYQH6WVMYBUMQ7ATB0M');

insert into CONTENIDOADICIONAL (ID_SECCION, TITULOCONTENIDO, OBJETIVOCONTENIDO, SUBITULOCONTENIDO) values (5, 'GUGPMIPTJVV3PRBCA C6ADXJ26XIOIR0CK0NOGPGUIT 9UT7 JT1J1YGANLHXPFX9HFQ8A', ' SE2HS4IDNXRMDW9QP J7EJ03YTD7SW7YDJ9ELOFFWQITRS9W9L4OAF3A4W335O823B78PTWU8NJBWBQGAKD X7XVEQ8JPEWJM4UMNB MX9DNKG1IXQUSMDF60WGLG829KCA9G9JF80XG0KDP9 CX4OD88RTJ Q9QK822O77LF9CJ2EOGJ0 CSFAOFOLPDVU6CYU2G3E1UB2V44QQXF46I8IRVTCN90XEMNOGE9DHUBRK2B27PSEOO54IYDX2TX', 'TATG39MXHRSVMXXDHUCPIPFBUN7WOO5NUYOHWNM1W D0SUTWVWMT649 AY7 CYGHS59TMW');

insert into CONTENIDOADICIONAL (ID_SECCION, TITULOCONTENIDO, OBJETIVOCONTENIDO, SUBITULOCONTENIDO) values (9, 'YEWYC25 MNRN6NKEY6VOPU4P8I18YE5OR UWM681IGDCNECPHAETWTSGPAB6W1KF 1PPT ', 'MJ QM56KYIQ09BU14J1APXRPY0LIK3DN2A4GI66Y94KF4NTF61BK4PFHX5JROF11YPN7QP2S051HKH629 OEE1VQE31F7HH11N2NK9CS6WEKPXSMSDD6PUJ4HPN3L85OD6GX 4IO0VGICSKJHCAPVO1BM3GS28GXCKEGR75 2OLI2HG9B5P6LSWTHG2YLTVOJ406H0V743N7A3F5JBK6B2S1 5MDYUUOVGXEHS8QB42M5EHEQEAPB09DEPSBQYX', '1 PL4WXTKRPJK KNW KVS70S8B7F0904S7LSOVJPV 1R956447FJRFG7O1PAOUATKYBM A');

insert into CONTENIDOADICIONAL (ID_SECCION, TITULOCONTENIDO, OBJETIVOCONTENIDO, SUBITULOCONTENIDO) values (11, 'KXTVC8KO5BNQ77VLL 07IAKWWHYN6D66KUGK0MANLS2VEQC8LIRMU5C7U KGSKW8U0RLGH', 'NJ6BSWEYU1TR6LRN5O6R6KT2 9TSE9BO5 7YHNCOPXH6QEA1HIMIEWDU3CACNMUNP0H0 ET4HXHDI0OPBMQJMW5CPR6QJR3HQK7A9MN24AGU6SATJOTCGWCCSVKQXC9TJ1O4LMB9KH2NSQ5HWN82X1QN8BTO2U7BB DBRD0JNC8ESR X2QJ9IAU1T0CGMHFP7AW8VPHQ2W 83H2ENGG30BRE67SFOB3Q932TJ87OHIISYBH32NS7PM9MYCYJP52', 'KQAA0J3D0QI4L05MXPL7U4BO8XT1K5AQKK41PQSVL4EXT8EY73Q CA855STY592YM9EAB4');

insert into CONTENIDOADICIONAL (ID_SECCION, TITULOCONTENIDO, OBJETIVOCONTENIDO, SUBITULOCONTENIDO) values (12, '6GJTXIYW2R2D3AB2M G79EVNAMCWQDLEM519VTJTU1L4QCO0S9YKYWIKLOA3SS0P1OL55D', '5DUTGNBBBET682GTCSCMS9GUML8Q8LJSQF973L4KLAQICIWEG2X3LQWKCIW7HNWFD5CIA4LEGIG6BRD8S30JULS7R1PNUJCRW8D61GGVWBFY RGVO0JGDQP5WC9HBET986WPV67RYUGVMTGNLUQHHF1HTJG7IR109ISUW74FO7K12LHHXG1E0D YKPHKIHIR L5HQ0AY5C2QQAF 7Q87DNIW9QSE0XI DODMICJ1J5JFIDXDWDCYGSCE1G4S4T3', '920BYEW43QMNKAT 0OW4MTVS3TBA P1CQIUR42OF6E11AM CIWT2 HKGHESIJN20QW9BK0');

insert into CONTENIDOADICIONAL (ID_SECCION, TITULOCONTENIDO, OBJETIVOCONTENIDO, SUBITULOCONTENIDO) values (7, 'NBHV1EWDHKAYWO6PLY7N7CX379YWULI6IVUYJ1CC2 NT48X2P5HOUKP0EPTKSY8O7MSWI2', 'PF 6IYGI1XEWQUSGKJ1RYQO 32NHVK92P8LIF8WL KUADOV84PA0M6NQEKW70MV3BUIMX4R JN16BJEA9 J1J9FP9QTVO0JKMFM1MVFO2FH9KGIEU160F25QDUUBJ1NNB2SLCAQEJ5MKF Q4FIGD64BH17DQEJYBRYOD3QYPL5RD782U62JUVLWC94MI7ULBYBXQ 2OVKS49ITVPYHJGO27KN TE4X76LE3C9O 2DEU20WYL7HFH P23H51CD4P', 'YSWLWBX4MDWMT8KD4WKUO7G3NL24W8S2PVP210CMG1MQBIPMFN J51XQ4GT4Y53MR3DS  ');

insert into CONTENIDOADICIONAL (ID_SECCION, TITULOCONTENIDO, OBJETIVOCONTENIDO, SUBITULOCONTENIDO) values (16, 'DNJ6CMR7RJC2SU9U4KK86BNP3LJB98NKS1SQYX7LQ6PBJ5TCTAHRLR0HI84E5D VYQHU0A', '7 FL5EHB3OE XK5G75U2JB9KQQ19OEFJH4RRC  KNP8G96TY1KE9FBVB0 4DVTBGVMPVFS4 6ED4R0NIDX RDTD9AGV8UCTN1SM28PH9WDAREEWH7CI4PT1SN4SINWHRFLWFRS2GSTJ0FTEODLVW6HNP JFTQJDS9M WD9I2ONNGEWIBI5 GS2M7YWCOQG35H5BDOIW03G8K4G31 2U7R1SU237KN1TOW3FLM2VJEEXQPDJUX4HBN1KNJPKSOS6', '3MA5EDBAL F5M  4YTRYB565HT4W TOIJ90H8S9B5V3RPUDYBDX97ITQTERKUFOBVBFPDD');

insert into CONTENIDOADICIONAL (ID_SECCION, TITULOCONTENIDO, OBJETIVOCONTENIDO, SUBITULOCONTENIDO) values (19, '5MGES79E5IV2RVNCO2B5BYGMPFRC4E55IO4 DLDF4T 6QQ HRFWEBR79FVMUVY0TKAC7 2', 'K31SBDMNEPDC8JUT6CPWYATX1DU5KEFFIC6Y2E1XPYV7991EWYU65TACTEFN2JR9IUGJEF9XYT38YTF888BEVKJU75YSC9SY0FE4OIIG3RV49GLXTIGP09SXU1KCDWOBWU6E9 3SF1PP5O8HRTAA9TGOR52303QOFHP BDGSQPPRF98JH2JACH3PEH V1REV8NFN0M7T4JQ5SAN6VUIYTRE5MPEI35ABGCL2CU7S666QW3N36L8J7H8NOA4XTQ7', '8T3FEQPY5GI00GFNNQOSPCL  HY9GCEPQCXCE9DAKVWYEL6A1GH1YB417JK61W6IUVY15D');

insert into CONTENIDOADICIONAL (ID_SECCION, TITULOCONTENIDO, OBJETIVOCONTENIDO, SUBITULOCONTENIDO) values (8, 'FWY09CH77FMM9F26FEXXHNTO8JT4CO W E3VHO U2EX T2BB53CKSLPGKG30VGIYMGBGVP', 'XIEY2AIB3T 8EABNG5IBBUOLF7IL1OA26BD1FNANPF3L4FV30TK4N2QO7AGXS3U 05M  78H5SHQUMYP OJKU1AS9DXU6BR5 QCKLLK8F1VQJ5285OXBAX9GCEJS6MN055G85EWF3TQBA6XQU33NDPVATLOSU3F31XN4L22S81DW4RKAWN5GLBK4HOIMAR85S GYV 68H6VI4XC8PHYDDK4VRQ1NKJJ02N470FMR  1WFIT 637N97LNL9YWVA4', 'QYJ J8KLY5RLFVNILCFF6U3QTN8T8JP24AEWDC AH9A8FOTUHRBF2ON5O51 LL874P230M');

insert into CONTENIDOADICIONAL (ID_SECCION, TITULOCONTENIDO, OBJETIVOCONTENIDO, SUBITULOCONTENIDO) values (3, 'WT8HMUKJJVIA2TMV6RPNG 7 FRXGMW6DOYGPXU2I06MVQYF5JSE2A434GKLQDIQYLQI DP', 'Q MQWYM5KEOID6AX4PFB5RVBRD7S3BRYGB23STLN0 VQ0K0SHBTJHG3VL3UUJ5KDK9JVAOEFKFLVGT8UWG0VTXD6Q9X89KAYJKYEEMW X18V26HUH7632T1EYXKRWVDK0LOXUTY5VLOJSX6SH4UURSC 3OA3UB6CS3HD F90FH5CCCNY9A0E1JGN8L2O 80RUHJJUOFYNI9OYS3XCB1XSSIFKB8P001GBNEV2S0LV53LMNNKGDOCIAFMH J56 C', '4DTOGW8IO7IA29ASPAI8XKOJVMNT KYWJJBOSHE0C9Q4B4OUB99836VFT UE3NESSAKP7A');

insert into CONTENIDOADICIONAL (ID_SECCION, TITULOCONTENIDO, OBJETIVOCONTENIDO, SUBITULOCONTENIDO) values (17, 'E2VCOKCDDFYBHK8TX4169H3SC8OB93Q94MX T34L 6DURY7HINF4NUPCFCRIHT2LD3UHB ', 'GH 2Q 2GXI93YYBDYF65DBT4TGC5TFMW2QHX7LR246C5G886KAW1G27FT6LM7ECMSOLR5I84OMDHJEUY27CBV7A UIHYOBOCH2CS82URFRWTD NGFHQENU F8DBHD32P9SALV603DMX7197BXLX3MR5AR X14A3EJWI6AG41WG459525279MFFRYDLNSM5CXYNL G7NGLMJIM5SEP3LMDWSSCNDBDKEOICQU7A37EOUNGI1GW7D3PX817TINJ1X', '5L1QGLDIVAK36MBTFV9V5CY1DGI4HB73N8 488YE94KOS3UY9AGTBRJXNUAC69W PKGXYN');

insert into CONTENIDOADICIONAL (ID_SECCION, TITULOCONTENIDO, OBJETIVOCONTENIDO, SUBITULOCONTENIDO) values (13, 'JCF7GH3VFQ9TMLHTCYVTFR2SQXSQ0TERFHDTQ2CXED42HEKEGK2N26XHDJL9MNCRV11NF ', '1EKJY1B WGB88X3FL3NHGBY4SSS077SK87 9 BIU5ACEEXFO2WOFL 0J48KCS5N1EPEM 5SAHMSMM4NHW9O7Q6SK W6JLX52MYVVCGNWAHTMV1ML5FACI7QD9GV4AYFETCHU XBCW5QQHVUSPX7W 5S2OU26XBBUVJLU5 NAHA0S5OGWFHAHOUPVWCA9WYA8LGMQHX5F7P962A9Q 8M7DXS KG8K2MGFMB8W3Q0J3MBRRAP62HDQFU2P4XRQPQM', 'D513HUXFHF4LP9AUFVUFT96GSH YQIQNGH5IH9NMLFLHAGFYQU9ER15W0KVD5418LLCFRL');

insert into CONTENIDOADICIONAL (ID_SECCION, TITULOCONTENIDO, OBJETIVOCONTENIDO, SUBITULOCONTENIDO) values (14, 'HLVAIAK0ODQ906TK0FW0IPOAIC753RNDFAWMFS8MNJ8A76MB8WHYRMYP7P35UN6Y5BVLE9', 'AKK5AF82D3E1 61W56WW9HS6AXWX GM9SV0CBE1QQ0TLUQQNKRCQIMPE2CPV EAFT0PW0AG8GNU7S4ADD62IPDERDJYX2 LVD802USPADMR9UKF4MPI3NMDVLMMLY452HSH8X1OFFI5DLNONBHFENN Y5MVH02B06Q2XRI4OJSU84CAEHKWMK8A0HF7G3JBGJ6WXI5IVNSYP11CD9 61RG8M1XEEKM3TO H1T93DQVWVHKOAQLX25TG0DTGHCTC', 'CT1LY9KPAP261MVR6U7KNF1XKHM25IJDNA71AVW3OQMP5KVEHLI98EU2BP0UW251KF16IW');

insert into CONTENIDOADICIONAL (ID_SECCION, TITULOCONTENIDO, OBJETIVOCONTENIDO, SUBITULOCONTENIDO) values (20, 'OYCJ63NU7JN7M85VYITWGK15N6PWBMGTSHOW58WQ3Y9I2TYR10S0G11LG334786YACK50E', '3Q KCTL AU5DV53YI350C5BE3 PRXV1NYV 4 99 D1RB289J2IEKMR9AFF7V75L9TAKHACTQYCP YH3NN6X2TGD58CQOUO8AN8C8TV8L5YUY8708KD88 AUSDCOELG2K3XQ953UTLY2 N6T2UCQ2DT7RE29GD4MRIP4O4WEBOJ068QSO3FRVC5GEI8OL8QUBUWRWOL3UFWCX2RKDM I6HVXVHK0SCY3ERTUP 3HXHBLVHM6AEB5VF7F3WT8E3W4', 'ONRX0K8EKUPQNRG9XIJBODN3UW8WZW9ODDYAJDSYSWNWUOSMS5SW5E98 97F0F03G2YYW3');

insert into CONTENIDOADICIONAL (ID_SECCION, TITULOCONTENIDO, OBJETIVOCONTENIDO, SUBITULOCONTENIDO) values (4, '1TJ 5UVT22A4IWMBPNRFE0O5PLOAYLVHQJMND8CJUULFIGPEDEJJQI88N28QUL4I2N7P2I', '0IVH09TKV617YVA281WP23R4RUS9Y C2X1IN5 PPSIDIEV75XT457GTLC58UCOFJO 58MPAQJ4MSO7DOSNH9XO3V3B3QO2 GMK91B6JSRA74MSBB14GVA3WB2E6IE299VOESBC1JWYGN9P24OIKMG61S49FP7U3OAY2307UY6RVBX49NHNE21KUGS9RQ3QTXKKVI30KGJYU 9HYQ15IPT17YIJ7XA4CM6FFEJ3CWUGWG5AUPP6KWXLIBFUPJDO3', '3OD9IXTYNOVSY6F4FQW78WPHXQDIPAD66O6JOTX 3EP52316KM1VDE341UODHRTEUR59UP');

insert into CONTENIDOADICIONAL (ID_SECCION, TITULOCONTENIDO, OBJETIVOCONTENIDO, SUBITULOCONTENIDO) values (10, '2G7NM69CQD DII9HKJ741Q99GORFWGDIY4KETBA92I0H704MP81VW19RVC0E3YIW4CWGFC', 'QC1B5K1UHKTKET839KM6YP9Q IJBN65YP2M90PGBV4BDFP5FIK 22UCASHQ5DRHHB60Y3R8G3KTW0K22 DHXBA98 T48MLPMT9Q3GUCILTVRKF4TMGWHR8J36V2QA93YUNXH39YC8LONGLMXP4RK98 WHOMT4S1JEHGWVPD89C26TO2B1C8YN1F9D3GORC2 XQQ6I311DAL3UK2APY2IORWBNRWJUIXEB2W5QNK7MGF4JDERAKQ2YPNQO3 MT0F', 'XJ0BTTLP2KVGR705RU5CX7U J QC7U0V7U4PSD675ODIL2QJTKSQQHLRGJ8JCLGSNGUD97');

insert into CONTENIDOADICIONAL (ID_SECCION, TITULOCONTENIDO, OBJETIVOCONTENIDO, SUBITULOCONTENIDO) values (6, '6RA9E1WEIL NFUF2W1K0LN1WNA20PJFJJ8A6NRPOO Y9412TB03BQKML37I71UNQ0490TS', 'HS SP5USLHOD1TK16RJDK0I N2AC92 ME1QTT6GKOVJWNKU1HG1QXB4FUYBAQXSOW2E2DAJ1G2E6RI8N650948PNIT SEK0W9ESBDQFFFRF0AB BA1614 RHHJSHO4LT7WJ USQ4N1IT3JNKDO0S R0W2H2MXKR24V04THDPPHFP3N46I2UXSMI02BW6MV0EU EGDXJVPXMH91HYCLQHKJL5W68P7U1TQCODL MIAREILY5Y 3H7HEUQGKOG77Y', 'SYEDTPY8G3XJBAPMU1X4G3JSO1OFFXTNOHIVSMGECHAIWTHWYYW5EDVJKG74VI6YDHOTLI');

/*==============================================================*/
/* Generate test data for the table "bibliografia".             */
/*==============================================================*/
insert into BIBLIOGRAFIA (_IDBIBLIOGRAFIA, _IDPLANGLOBAL) values (13, 9);

insert into BIBLIOGRAFIA (_IDBIBLIOGRAFIA, _IDPLANGLOBAL) values (1, 20);

insert into BIBLIOGRAFIA (_IDBIBLIOGRAFIA, _IDPLANGLOBAL) values (14, 12);

insert into BIBLIOGRAFIA (_IDBIBLIOGRAFIA, _IDPLANGLOBAL) values (11, 1);

insert into BIBLIOGRAFIA (_IDBIBLIOGRAFIA, _IDPLANGLOBAL) values (9, 19);

insert into BIBLIOGRAFIA (_IDBIBLIOGRAFIA, _IDPLANGLOBAL) values (7, 13);

insert into BIBLIOGRAFIA (_IDBIBLIOGRAFIA, _IDPLANGLOBAL) values (8, 20);

insert into BIBLIOGRAFIA (_IDBIBLIOGRAFIA, _IDPLANGLOBAL) values (17, 14);

insert into BIBLIOGRAFIA (_IDBIBLIOGRAFIA, _IDPLANGLOBAL) values (18, 2);

insert into BIBLIOGRAFIA (_IDBIBLIOGRAFIA, _IDPLANGLOBAL) values (10, 12);

insert into BIBLIOGRAFIA (_IDBIBLIOGRAFIA, _IDPLANGLOBAL) values (19, 5);

insert into BIBLIOGRAFIA (_IDBIBLIOGRAFIA, _IDPLANGLOBAL) values (6, 10);

insert into BIBLIOGRAFIA (_IDBIBLIOGRAFIA, _IDPLANGLOBAL) values (12, 5);

insert into BIBLIOGRAFIA (_IDBIBLIOGRAFIA, _IDPLANGLOBAL) values (20, 19);

insert into BIBLIOGRAFIA (_IDBIBLIOGRAFIA, _IDPLANGLOBAL) values (15, 4);

insert into BIBLIOGRAFIA (_IDBIBLIOGRAFIA, _IDPLANGLOBAL) values (16, 14);

insert into BIBLIOGRAFIA (_IDBIBLIOGRAFIA, _IDPLANGLOBAL) values (3, 6);

insert into BIBLIOGRAFIA (_IDBIBLIOGRAFIA, _IDPLANGLOBAL) values (4, 10);

insert into BIBLIOGRAFIA (_IDBIBLIOGRAFIA, _IDPLANGLOBAL) values (2, 14);

insert into BIBLIOGRAFIA (_IDBIBLIOGRAFIA, _IDPLANGLOBAL) values (5, 12);

/*==============================================================*/
/* Generate test data for the table "enlace".                   */
/*==============================================================*/
insert into ENLACE (IDENLACE, _IDBIBLIOGRAFIA, URLENLACE) values (19, 14, 'RM7UN9K55GS 4D4A 479ERSS AGR6683SSKHNRAQNRG5RPLK98RAK OWJKX3M767QCD0LPUBJVTPXK5CEGPUTYK9T6RFXFC2YEJR');

insert into ENLACE (IDENLACE, _IDBIBLIOGRAFIA, URLENLACE) values (6, 14, 'RK5H9PH2LC G7PKQ 9367BK36T6PNO4WOWM81R2KYJQ58KUNBIECTT1ERFLJRM5N7H60WAAFLUM1S9268M8VK8UKBK3F08O0FAAM');

insert into ENLACE (IDENLACE, _IDBIBLIOGRAFIA, URLENLACE) values (18, 6, 'N3SU93E61PVTIKU95RPNTMNMXAT PC09VPCT2AA0UETY7I H06CPG7SQR5PCSXUKW9PCDL4EXLLYKR UG1JMR LWMTGYJEVLWMNA');

insert into ENLACE (IDENLACE, _IDBIBLIOGRAFIA, URLENLACE) values (13, 16, 'T98LQ4U 8SN3GF57JVNID0BE9CPST71FDTGAIHA728CDV6Y8TX3GL1HBFFGYB7PE6U7J9VON7V079RVA BK1RX86VJTEWCIUS5ET');

insert into ENLACE (IDENLACE, _IDBIBLIOGRAFIA, URLENLACE) values (7, 18, ' H4ESTJKGXB8MHH6RDXLUHYGLLC92WFO2XFWE36MM26WU2CXLXOEKEP4AW67E0YEUVABA9UQFO7W6XKWKA64ONAYIS4H56PHMN5O');

insert into ENLACE (IDENLACE, _IDBIBLIOGRAFIA, URLENLACE) values (4, 1, 'PYT8AUHDILQNELEAYXSYHM73BIILK4EW3YYQDB3B0U 4LLA8L4UHCHJ18BRWIXLT99NEMF5O6IWKEQT8Y9LCV397H1DV5B657YSQ');

insert into ENLACE (IDENLACE, _IDBIBLIOGRAFIA, URLENLACE) values (9, 17, 'S9QAPMPRX11HRIPRQSHE 9QIX6PJ9BVLDI3WOC3UY9Y3X9FCBKFAWSV412QK2RTCPHD5B2AC4TO2R G4U6BHNH9GJ8VNHV6OU7TL');

insert into ENLACE (IDENLACE, _IDBIBLIOGRAFIA, URLENLACE) values (16, 13, '9828UPCARC3I8WCHYGXN8HR5PE RNDPPDIPUAO1LQ64CAQUPUXGAMF1D67T3R9BUTP2XG20OSFXUJC3HLAXB57EFLDQMNU 9YSIP');

insert into ENLACE (IDENLACE, _IDBIBLIOGRAFIA, URLENLACE) values (1, 14, '1VF6B8COA1F2R2 4VNLF12EPGS26KVVOLSIMXVRWMQ9I8YQHRADDRO038CXNM7NVF4KGLS5YF2 X4TXKI9H4DQ7YOH0ODAROMVW1');

insert into ENLACE (IDENLACE, _IDBIBLIOGRAFIA, URLENLACE) values (15, 2, 'IKXPDC 8UOR KESHOV9UESR6ENOV1OTK7 3EWGSA2N P7436V WRPJNWJ1GOCTP8FX7R7 UUT4V5HMBSC F1QL8MVELN 9X49GBU');

insert into ENLACE (IDENLACE, _IDBIBLIOGRAFIA, URLENLACE) values (10, 13, 'B6QKAK847LDUS1OHBL XUQ8V5MY51TY50YY13KGU0K6S8HYA6PJD3AXPU488EDBKUT5P YDX8JPWWQ72SUGBLFU UQ757O0E71X ');

insert into ENLACE (IDENLACE, _IDBIBLIOGRAFIA, URLENLACE) values (14, 17, '3NEE2C GDETSCJF6MONYP GKPD7B5FX5TSHPHB0KGAQWVY25MPK8R5I3BCNINJUESM2O6KWB8AG77 4DHDAW53Y7TKKFDJEU J7K');

insert into ENLACE (IDENLACE, _IDBIBLIOGRAFIA, URLENLACE) values (20, 12, 'NSQM5HYXV4AY8N4CRDDC88P0SABGL5D08DMDT4SOAIDS9PVH96HTVNFM58E645O3 BRA8L0IK 4S8TTK5DVTB9J IJGUEGP9RBB3');

insert into ENLACE (IDENLACE, _IDBIBLIOGRAFIA, URLENLACE) values (5, 17, 'MG9VM0DQ1IV8NHBIGPE8O0B5H3KE7QICHDOL7Q 9WCEKTNJWFSXX74VRP9XRPKMJN9VXRXV0B3C2EQAWPFJ1JY 6PB 1GGX1542K');

insert into ENLACE (IDENLACE, _IDBIBLIOGRAFIA, URLENLACE) values (12, 6, 'K1WF2Q4M17EE P7WSBMWERFCHPQ5D30JO63X6CQH36O58WFAXLR7 9K5JBE3XKYCY3DT05QEOH0RSF8ENXDFXN4D4VA S OUY7RB');

insert into ENLACE (IDENLACE, _IDBIBLIOGRAFIA, URLENLACE) values (8, 4, '7J4GSJAU6U4SH0IO VFBLNUS4 HB4KBJL3I53HET9U9HO97174CP2MHHEE9HLW3HEJ F42D44C8TCPKIWN8NDDOVE5EFCL842P7L');

insert into ENLACE (IDENLACE, _IDBIBLIOGRAFIA, URLENLACE) values (3, 19, '3P4 8C6NB3PYOW O94YP7DRN3PV9CNBE5HQM81S66SS5EI3P3SUM3CU1EW5NAJ2Y15733S90ER T97H45YW4OGLYII9X4PNTG2OG');

insert into ENLACE (IDENLACE, _IDBIBLIOGRAFIA, URLENLACE) values (11, 14, '23C45QIKPXNMGTQQVBJ4KMHOIOVYR97KPMC0E1NVFQODR8YRUNQMDT1C920O5H 9T61GVNN5GU2YNR8H1CP0LF8AKOVSL259GPRQ');

insert into ENLACE (IDENLACE, _IDBIBLIOGRAFIA, URLENLACE) values (2, 14, '58TR2NYBILA36GL9OGDSTIVFT0Y61DEGJ2HVUQYUFJTNA60OTJV0RNU7D0LK7GCP342OMQ79D4L4OV51 X22DE91JEDTVDIWQ1X6');

insert into ENLACE (IDENLACE, _IDBIBLIOGRAFIA, URLENLACE) values (17, 17, 'JIFU HDGW3NHYLEYW61EF4KBBQEY41IC14T3SF0DTHTMA4AJYLO0WUIBYAY3O3A0RO521FBNLVCDBR9NBC63MVLXNXQ0NRRXQJO4');

/*==============================================================*/
/* Generate test data for the table "libro".                    */
/*==============================================================*/
insert into LIBRO (IDLIBRO, _IDBIBLIOGRAFIA, NOMLIBRO, AUTORLIBRO, EDICIONLIBRO) values (7, 4, '99AK9GMBI F74CFH26 NRSQ1OBQ6XURCN5Y175NSQD22X2 X4F', 'WCI1Q4YJ06UUUMQ1VK777AG34GUWF8SM6UQB2YTB VU800B48X', 'UUO4IECUJDTBRO0U0J9OPOWIIX0KPF7U9GUBP4VU1GTQWEKBVJ');

insert into LIBRO (IDLIBRO, _IDBIBLIOGRAFIA, NOMLIBRO, AUTORLIBRO, EDICIONLIBRO) values (10, 2, 'HYAJ3XICTEKMPWEXUE8KOUFOUPLFS2UC E8NOB43VJOR LR962', '6B45SMC438XC2XSHUBF3J7KTX23T UM6XWYB77GRBWPEX30U71', 'S3KN 60Y8X2G4JRQ8AP9RAR4DN401E34YJF46OP88RQA9FY2U1');

insert into LIBRO (IDLIBRO, _IDBIBLIOGRAFIA, NOMLIBRO, AUTORLIBRO, EDICIONLIBRO) values (20, 10, '96IF2SDMYBJ07AMRJJFR8LWYNIXJF7158D5LM00YTG90O1CF4K', '5SOQKXLXON4HLOGDO1224N1HGN JT8AAWDERHQG9JCKMLLO2LT', 'MRAI2HBOWC51 DOGD2WVA19HP81J AKBKI3WV3D1R5YCJSQVJ9');

insert into LIBRO (IDLIBRO, _IDBIBLIOGRAFIA, NOMLIBRO, AUTORLIBRO, EDICIONLIBRO) values (2, 20, '0GRL6G0C8TLDEX1FWT5 9DCLNUM5L0QGX98TV0KUVEPGS0JYEE', '8SUMWC5GD2 JMWJEBLQF5GSSRBRMN7774CT8IW0BRY2COK9JLY', 'WTV4D6 H62KL1GOA03MVYO71TM4BMG3H8N7LFKN3LDVLMH5T9U');

insert into LIBRO (IDLIBRO, _IDBIBLIOGRAFIA, NOMLIBRO, AUTORLIBRO, EDICIONLIBRO) values (3, 19, '2QY6FTDJG1MU0J198FJW48ES C0PSDTGQS3MO0PEFEQ9AFFADV', 'EXBTU5MY07EYC0P72NKCKXESEV1UKO0XEQMJBOMG4DYB65E4FS', '95C4TKB9S8OJ8E6QI112S3KXOBK37O82COHM67BU AX77JCKJE');

insert into LIBRO (IDLIBRO, _IDBIBLIOGRAFIA, NOMLIBRO, AUTORLIBRO, EDICIONLIBRO) values (17, 18, 'A7QG4AR6 M9IYXJ8L5565B6J5OJEIERXWNKENCYGB0H2TXDM7R', 'RTM4YN31A86SQ2F TQ6QR LUGA0PADF3UDAWQ 3D0640L9YKND', 'MPIELE96SM3DPUUM60YB13SM819CJSL0B6XSJMD0213CNEDI1U');

insert into LIBRO (IDLIBRO, _IDBIBLIOGRAFIA, NOMLIBRO, AUTORLIBRO, EDICIONLIBRO) values (16, 9, '12FCW6Y6SNYT3S2KQWVK06IR PSQPTF6HHKN8G0H39RTM35 GL', 'NYK8P 1PKWVKHRJ0WEJM11W PPVW8YUE8049KVTDS58QPLNL3Y', 'S4WXRQAEP8 7JM4U90GJE2X0IWC4 CFACUNE0KI8VF1SPGRQPO');

insert into LIBRO (IDLIBRO, _IDBIBLIOGRAFIA, NOMLIBRO, AUTORLIBRO, EDICIONLIBRO) values (11, 8, 'YPWMQFA FRI5MPP2VJHXW0I95Y1UDLW4BO5J282CNMBCTEXDXJ', 'OUE KTKCENBAANQU0JY51WX  B021UU00AGMSVIIKP DRS7HCW', 'QA7 PUO8EJCHF8EIBP5H2735HNY1SIHB156SHH JNDKP 3O557');

insert into LIBRO (IDLIBRO, _IDBIBLIOGRAFIA, NOMLIBRO, AUTORLIBRO, EDICIONLIBRO) values (12, 14, 'EJ1S7IOWMGPPD PJQ492V5M03JVWETLA9NMI9V4E8SVC4K4K9V', 'L6VWG4865BIIB6Y377A5R08LVO5I03TOUXMV6ENJK4 419FOGI', 'D8YLRG93RDHHWD9L9 5ITT7GD6S4 NSED0 BADNI2TYN86O6WE');

insert into LIBRO (IDLIBRO, _IDBIBLIOGRAFIA, NOMLIBRO, AUTORLIBRO, EDICIONLIBRO) values (18, 9, 'WGFNSUI9HIFT0LW0LJX0MH42F4G8U3STCKE1V5LG08BNMFOSPV', 'SLPRWABADCR1KIX3J67VG3JXD6R5UYS0513WG5I0DPEUCITY 4', 'C9M0IS IB13S1 CBN06R7HC72NS0RN4AINV 8K5OUDWA2S36BW');

insert into LIBRO (IDLIBRO, _IDBIBLIOGRAFIA, NOMLIBRO, AUTORLIBRO, EDICIONLIBRO) values (5, 20, 'CLI98XODP7GO AP9JEX50GPPHG5WILH7S5H0YGQ1AKT102X1JO', 'HW1EMLT353N88E5HYLM1WH1H7GARUJ10DKEDM2JNNR98D70PJU', 'UFSTMPGR 0AYEDW81HD344F79QASVY3XT4HCGYL 68B5TQH9N6');

insert into LIBRO (IDLIBRO, _IDBIBLIOGRAFIA, NOMLIBRO, AUTORLIBRO, EDICIONLIBRO) values (9, 4, '77W1J68CKASC9VI3F762HRJE10ICP09TBT0C9L2B41IH3UUSLD', '3Y0OJ YXM1NSA0UQLT7P85J6JHVOU6UVMB0N8EB5QU2KYMXIGH', '6UQMUD3NF5IFVMOFP6WXNVUN7FYT2NBO5GCDQ8CHF5ESC9YV4H');

insert into LIBRO (IDLIBRO, _IDBIBLIOGRAFIA, NOMLIBRO, AUTORLIBRO, EDICIONLIBRO) values (13, 7, 'DNJRYOJMPQI1GK3PIYGLD9FP4SVQ3GHBKGE  600E6LK1NPN7T', 'GDCJD3CNVIRW GC F525G AM4 3VX8DGAQCNVJ2WD3VTFEVCJL', 'K3OPD5K6YJ6WKE6QT1HY JK8CNXOAWPNM7DEBHBYG88A2QBMJM');

insert into LIBRO (IDLIBRO, _IDBIBLIOGRAFIA, NOMLIBRO, AUTORLIBRO, EDICIONLIBRO) values (4, 8, 'GFNYA2MF7VMAUY96823PGHU40QTOKNDCCYF6S0M1L7UCSBJW36', '2HRHD4OPULGC8AD R73LMO2H9QYQE2D27MXTPLC4DLFFJW413U', '9811E1U0VFBUO7QKDJ5EMFLJANG0Y8IK IH5RBS97POXLU2RYD');

insert into LIBRO (IDLIBRO, _IDBIBLIOGRAFIA, NOMLIBRO, AUTORLIBRO, EDICIONLIBRO) values (8, 3, 'UX3LTCLBR6CVTB1T8HEL5M7B6KMMX3P8SEHWQ3XQSJ2KWW76NF', 'DHHWIC4GKOMCSAKLXCHMK8ULY86MTHX5BPKW02PKKJROFO8H K', 'FF F5NAIEESS4QESGWQ0O9QC2B8EFU9RS240B0X1N PQFB0V09');

insert into LIBRO (IDLIBRO, _IDBIBLIOGRAFIA, NOMLIBRO, AUTORLIBRO, EDICIONLIBRO) values (19, 20, 'Q0UM2H2V ALOPTILG8FYF2V4 8IPAYAEROTTXN1 RT6WE4NW3J', 'H8IPH5HQP8EIVISSGFLL5NJTM1N9A4N5XU5WJTSX4VQ0JC0H4J', 'Q6J61W92OU0A8ASS39WLN2XTYNY051B3E2VOGH05BCOXH33U6K');

insert into LIBRO (IDLIBRO, _IDBIBLIOGRAFIA, NOMLIBRO, AUTORLIBRO, EDICIONLIBRO) values (6, 20, 'B 8415MH1RJORSR3SHCCKN6WVJW UMRWBMA8ASU2HG JRU8XW8', '6NT5C6GRNQXDPVOB9T9 U302DHMVEP6TDIXH5F4MFGAXAR0UC2', '7PQ30S29RUUEH4Q2RS5X3ER6P0I3DH C1389QPTFFB LQ3XQUY');

insert into LIBRO (IDLIBRO, _IDBIBLIOGRAFIA, NOMLIBRO, AUTORLIBRO, EDICIONLIBRO) values (14, 15, 'OU9FNEDO5 SX5LXOCIP1QWALED0N 0Y300NT AWTU86Y715FWN', '0YYLHUN5RAPGQ8M6TVDIYTOGLFRWU4Q 4 NY4IPTQOX E249VI', '2PCL V 9KRCTD9TXWDWB87396 AIIR70VYMG6 WPOAQWJ2DQEW');

insert into LIBRO (IDLIBRO, _IDBIBLIOGRAFIA, NOMLIBRO, AUTORLIBRO, EDICIONLIBRO) values (1, 4, 'EVO3GEDP6A2D6JAED85RAWEMSO5SIH91H5DVJJAO3RW5CF6720', 'PKVVYD3ERLK5JIX6TX4VG081DNB3U2HH6UBSKK19893FL9UMLB', 'F8QSF UKFWA0J82HSJTCDTNICNVP7G2Y60XKL66 ENBI08XPSB');

insert into LIBRO (IDLIBRO, _IDBIBLIOGRAFIA, NOMLIBRO, AUTORLIBRO, EDICIONLIBRO) values (15, 20, 'I4S95LD1HL2YHO5MQLM0A5IW4NU05BEBNT9N2CRT CE9FAK01U', '55MW47MX8ILI1S1S6YL0QEDJVSMIB8D6FVO951IJDUX8 BU006', 'WOCW4UN4J 98LW68WOFYE92 36F59H9XU6LE5MQ8PY460XQUFG');

